Sale Date,Order ID,Buyer User ID,Full Name,Number of Items,Payment Method,Date Shipped,Ship Name,Ship Address1,Ship City,Ship State,Ship Zipcode,Ship Country,Currency,Order Value,Coupon Code,Coupon Details,Discount Amount,Shipping Discount,Shipping,Sales Tax,Order Total,Status,Card Processing Fees,Order Net,Adjusted Order Total,Adjusted Card Processing Fees,Adjusted Net Order Amount,Buyer,Order Type,Payment Type,InPerson Discount,InPerson Location,VAT Paid by Buyer,SKU
2026-09-01,TM-DEMO-0001,B1,Buyer 1,3,Credit Card,2026-09-01,Buyer 1,123 Market St,Austin,TX,78701,United States,USD,35.00,,,0.00,0.00,4.95,0.00,39.95,Completed,1.45,38.50,39.95,1.45,38.50,buyer1@example.com,Online,Credit Card,0.00,,0.00,TM-STICKER
2026-09-02,TM-DEMO-0002,B2,Buyer 2,1,Credit Card,2026-09-02,Buyer 2,123 Market St,Austin,TX,78701,United States,USD,42.00,,,0.00,0.00,4.95,0.00,46.95,Completed,1.66,45.29,46.95,1.66,45.29,buyer2@example.com,Online,Credit Card,0.00,,0.00,TM-TRAY
2026-09-03,TM-DEMO-0003,B3,Buyer 3,1,Credit Card,2026-09-03,Buyer 3,123 Market St,Austin,TX,78701,United States,USD,12.00,,,0.00,0.00,4.95,0.00,16.95,Completed,0.76,16.19,16.95,0.76,16.19,buyer3@example.com,Online,Credit Card,0.00,,0.00,TM-BOOKMARK
2026-09-04,TM-DEMO-0004,B4,Buyer 4,3,Credit Card,2026-09-04,Buyer 4,123 Market St,Austin,TX,78701,United States,USD,35.00,,,0.00,0.00,4.95,0.00,39.95,Completed,1.45,38.50,39.95,1.45,38.50,buyer4@example.com,Online,Credit Card,0.00,,0.00,TM-STICKER
2026-09-05,TM-DEMO-0005,B5,Buyer 5,3,Credit Card,2026-09-05,Buyer 5,123 Market St,Austin,TX,78701,United States,USD,84.00,,,0.00,0.00,0.00,0.00,84.00,Completed,2.77,81.23,84.00,2.77,81.23,buyer5@example.com,Online,Credit Card,0.00,,0.00,TM-FRAME
2026-09-06,TM-DEMO-0006,B6,Buyer 6,4,Credit Card,2026-09-06,Buyer 6,123 Market St,Austin,TX,78701,United States,USD,54.00,,,0.00,0.00,0.00,0.00,54.00,Completed,1.87,52.13,54.00,1.87,52.13,buyer6@example.com,Online,Credit Card,0.00,,0.00,TM-SOAP
2026-09-07,TM-DEMO-0007,B7,Buyer 7,1,Credit Card,2026-09-07,Buyer 7,123 Market St,Austin,TX,78701,United States,USD,12.00,,,0.00,0.00,4.95,0.00,16.95,Completed,0.76,16.19,16.95,0.76,16.19,buyer7@example.com,Online,Credit Card,0.00,,0.00,TM-BOOKMARK
2026-09-08,TM-DEMO-0008,B8,Buyer 8,1,Credit Card,2026-09-08,Buyer 8,123 Market St,Austin,TX,78701,United States,USD,22.00,,,0.00,0.00,4.95,0.00,26.95,Completed,1.06,25.89,26.95,1.06,25.89,buyer8@example.com,Online,Credit Card,0.00,,0.00,TM-CANDLE
2026-09-09,TM-DEMO-0009,B9,Buyer 9,2,Credit Card,2026-09-09,Buyer 9,123 Market St,Austin,TX,78701,United States,USD,74.00,,,0.00,0.00,0.00,0.00,74.00,Completed,2.47,71.53,74.00,2.47,71.53,buyer9@example.com,Online,Credit Card,0.00,,0.00,TM-FRAME
2026-09-10,TM-DEMO-0010,B10,Buyer 10,3,Credit Card,2026-09-10,Buyer 10,123 Market St,Austin,TX,78701,United States,USD,86.00,,,0.00,0.00,0.00,0.00,86.00,Completed,2.83,83.17,86.00,2.83,83.17,buyer10@example.com,Online,Credit Card,0.00,,0.00,TM-CONE
2026-09-11,TM-DEMO-0011,B11,Buyer 11,3,Credit Card,2026-09-11,Buyer 11,123 Market St,Austin,TX,78701,United States,USD,115.00,,,0.00,0.00,0.00,0.00,115.00,Completed,3.70,111.30,115.00,3.70,111.30,buyer11@example.com,Online,Credit Card,0.00,,0.00,TM-TRAY
2026-09-12,TM-DEMO-0012,B12,Buyer 12,1,Credit Card,2026-09-12,Buyer 12,123 Market St,Austin,TX,78701,United States,USD,65.00,,,0.00,0.00,0.00,0.00,65.00,Completed,2.20,62.80,65.00,2.20,62.80,buyer12@example.com,Online,Credit Card,0.00,,0.00,TM-PET
2026-09-13,TM-DEMO-0013,B13,Buyer 13,1,Credit Card,2026-09-13,Buyer 13,123 Market St,Austin,TX,78701,United States,USD,48.00,,,0.00,0.00,0.00,0.00,48.00,Completed,1.69,46.31,48.00,1.69,46.31,buyer13@example.com,Online,Credit Card,0.00,,0.00,TM-FRAME
2026-09-14,TM-DEMO-0014,B14,Buyer 14,4,Credit Card,2026-09-14,Buyer 14,123 Market St,Austin,TX,78701,United States,USD,116.00,,,0.00,0.00,0.00,0.00,116.00,Completed,3.73,112.27,116.00,3.73,112.27,buyer14@example.com,Online,Credit Card,0.00,,0.00,TM-TOWEL
2026-09-15,TM-DEMO-0015,B15,Buyer 15,3,Credit Card,2026-09-15,Buyer 15,123 Market St,Austin,TX,78701,United States,USD,87.00,,,0.00,0.00,0.00,0.00,87.00,Completed,2.86,84.14,87.00,2.86,84.14,buyer15@example.com,Online,Credit Card,0.00,,0.00,TM-TOTE
2026-09-16,TM-DEMO-0016,B16,Buyer 16,1,Credit Card,2026-09-16,Buyer 16,123 Market St,Austin,TX,78701,United States,USD,28.00,,,0.00,0.00,4.95,0.00,32.95,Completed,1.24,31.71,32.95,1.24,31.71,buyer16@example.com,Online,Credit Card,0.00,,0.00,TM-TOWEL
2026-09-17,TM-DEMO-0017,B17,Buyer 17,1,Credit Card,2026-09-17,Buyer 17,123 Market St,Austin,TX,78701,United States,USD,65.00,,,0.00,0.00,0.00,0.00,65.00,Completed,2.20,62.80,65.00,2.20,62.80,buyer17@example.com,Online,Credit Card,0.00,,0.00,TM-PET
2026-09-18,TM-DEMO-0018,B18,Buyer 18,2,Credit Card,2026-09-18,Buyer 18,123 Market St,Austin,TX,78701,United States,USD,46.00,,,0.00,0.00,0.00,0.00,46.00,Completed,1.63,44.37,46.00,1.63,44.37,buyer18@example.com,Online,Credit Card,0.00,,0.00,TM-TOWEL
2026-09-19,TM-DEMO-0019,B19,Buyer 19,2,Credit Card,2026-09-19,Buyer 19,123 Market St,Austin,TX,78701,United States,USD,46.00,,,0.00,0.00,0.00,0.00,46.00,Completed,1.63,44.37,46.00,1.63,44.37,buyer19@example.com,Online,Credit Card,0.00,,0.00,TM-PRINT
2026-09-20,TM-DEMO-0020,B20,Buyer 20,3,Credit Card,2026-09-20,Buyer 20,123 Market St,Austin,TX,78701,United States,USD,62.00,,,0.00,0.00,0.00,0.00,62.00,Completed,2.11,59.89,62.00,2.11,59.89,buyer20@example.com,Online,Credit Card,0.00,,0.00,TM-SOAP
2026-09-21,TM-DEMO-0021,B21,Buyer 21,2,Credit Card,2026-09-21,Buyer 21,123 Market St,Austin,TX,78701,United States,USD,52.00,,,0.00,0.00,0.00,0.00,52.00,Completed,1.81,50.19,52.00,1.81,50.19,buyer21@example.com,Online,Credit Card,0.00,,0.00,TM-SOAP
2026-09-22,TM-DEMO-0022,B22,Buyer 22,4,Credit Card,2026-09-22,Buyer 22,123 Market St,Austin,TX,78701,United States,USD,120.00,,,0.00,0.00,0.00,0.00,120.00,Completed,3.85,116.15,120.00,3.85,116.15,buyer22@example.com,Online,Credit Card,0.00,,0.00,TM-POSTER
2026-09-23,TM-DEMO-0023,B23,Buyer 23,1,Credit Card,2026-09-23,Buyer 23,123 Market St,Austin,TX,78701,United States,USD,12.00,,,0.00,0.00,4.95,0.00,16.95,Completed,0.76,16.19,16.95,0.76,16.19,buyer23@example.com,Online,Credit Card,0.00,,0.00,TM-BOOKMARK
2026-09-24,TM-DEMO-0024,B24,Buyer 24,3,Credit Card,2026-09-24,Buyer 24,123 Market St,Austin,TX,78701,United States,USD,69.00,,,0.00,0.00,0.00,0.00,69.00,Completed,2.32,66.68,69.00,2.32,66.68,buyer24@example.com,Online,Credit Card,0.00,,0.00,TM-TRAY
2026-09-25,TM-DEMO-0025,B25,Buyer 25,1,Credit Card,2026-09-25,Buyer 25,123 Market St,Austin,TX,78701,United States,USD,26.00,,,0.00,0.00,4.95,0.00,30.95,Completed,1.18,29.77,30.95,1.18,29.77,buyer25@example.com,Online,Credit Card,0.00,,0.00,TM-DISH
2026-09-26,TM-DEMO-0026,B26,Buyer 26,1,Credit Card,2026-09-26,Buyer 26,123 Market St,Austin,TX,78701,United States,USD,12.00,,,0.00,0.00,4.95,0.00,16.95,Completed,0.76,16.19,16.95,0.76,16.19,buyer26@example.com,Online,Credit Card,0.00,,0.00,TM-BOOKMARK
2026-09-27,TM-DEMO-0027,B27,Buyer 27,1,Credit Card,2026-09-27,Buyer 27,123 Market St,Austin,TX,78701,United States,USD,28.00,,,0.00,0.00,4.95,0.00,32.95,Completed,1.24,31.71,32.95,1.24,31.71,buyer27@example.com,Online,Credit Card,0.00,,0.00,TM-TOWEL
2026-09-28,TM-DEMO-0028,B28,Buyer 28,2,Credit Card,2026-09-28,Buyer 28,123 Market St,Austin,TX,78701,United States,USD,50.00,,,0.00,0.00,0.00,0.00,50.00,Completed,1.75,48.25,50.00,1.75,48.25,buyer28@example.com,Online,Credit Card,0.00,,0.00,TM-GIFT
2026-09-01,TM-DEMO-0029,B29,Buyer 29,1,Credit Card,2026-09-01,Buyer 29,123 Market St,Austin,TX,78701,United States,USD,42.00,,,0.00,0.00,4.95,0.00,46.95,Completed,1.66,45.29,46.95,1.66,45.29,buyer29@example.com,Online,Credit Card,0.00,,0.00,TM-TRAY
2026-09-02,TM-DEMO-0030,B30,Buyer 30,2,Credit Card,2026-09-02,Buyer 30,123 Market St,Austin,TX,78701,United States,USD,50.00,,,0.00,0.00,0.00,0.00,50.00,Completed,1.75,48.25,50.00,1.75,48.25,buyer30@example.com,Online,Credit Card,0.00,,0.00,TM-CANDLE
2026-09-03,TM-DEMO-0031,B31,Buyer 31,1,Credit Card,2026-09-03,Buyer 31,123 Market St,Austin,TX,78701,United States,USD,19.00,,,0.00,0.00,4.95,0.00,23.95,Completed,0.97,22.98,23.95,0.97,22.98,buyer31@example.com,Online,Credit Card,0.00,,0.00,TM-CONE
2026-09-04,TM-DEMO-0032,B32,Buyer 32,2,Credit Card,2026-09-04,Buyer 32,123 Market St,Austin,TX,78701,United States,USD,64.00,,,0.00,0.00,0.00,0.00,64.00,Completed,2.17,61.83,64.00,2.17,61.83,buyer32@example.com,Online,Credit Card,0.00,,0.00,TM-CANDLE
2026-09-05,TM-DEMO-0033,B33,Buyer 33,2,Credit Card,2026-09-05,Buyer 33,123 Market St,Austin,TX,78701,United States,USD,59.00,,,0.00,0.00,0.00,0.00,59.00,Completed,2.02,56.98,59.00,2.02,56.98,buyer33@example.com,Online,Credit Card,0.00,,0.00,TM-TOTE
2026-09-06,TM-DEMO-0034,B34,Buyer 34,1,Credit Card,2026-09-06,Buyer 34,123 Market St,Austin,TX,78701,United States,USD,34.00,,,0.00,0.00,4.95,0.00,38.95,Completed,1.42,37.53,38.95,1.42,37.53,buyer34@example.com,Online,Credit Card,0.00,,0.00,TM-TOTE
2026-09-07,TM-DEMO-0035,B35,Buyer 35,4,Credit Card,2026-09-07,Buyer 35,123 Market St,Austin,TX,78701,United States,USD,80.00,,,0.00,0.00,0.00,0.00,80.00,Completed,2.65,77.35,80.00,2.65,77.35,buyer35@example.com,Online,Credit Card,0.00,,0.00,TM-STICKER
2026-09-08,TM-DEMO-0036,B36,Buyer 36,2,Credit Card,2026-09-08,Buyer 36,123 Market St,Austin,TX,78701,United States,USD,22.00,,,0.00,0.00,4.95,0.00,26.95,Completed,1.06,25.89,26.95,1.06,25.89,buyer36@example.com,Online,Credit Card,0.00,,0.00,TM-BOOKMARK
2026-09-09,TM-DEMO-0037,B37,Buyer 37,2,Credit Card,2026-09-09,Buyer 37,123 Market St,Austin,TX,78701,United States,USD,28.00,,,0.00,0.00,4.95,0.00,32.95,Completed,1.24,31.71,32.95,1.24,31.71,buyer37@example.com,Online,Credit Card,0.00,,0.00,TM-KEY
2026-09-10,TM-DEMO-0038,B1,Buyer 1,1,Credit Card,2026-09-10,Buyer 1,123 Market St,Austin,TX,78701,United States,USD,8.00,,,0.00,0.00,4.95,0.00,12.95,Completed,0.64,12.31,12.95,0.64,12.31,buyer1@example.com,Online,Credit Card,0.00,,0.00,TM-STICKER
2026-09-11,TM-DEMO-0039,B2,Buyer 2,3,Credit Card,2026-09-11,Buyer 2,123 Market St,Austin,TX,78701,United States,USD,62.00,,,0.00,0.00,0.00,0.00,62.00,Completed,2.11,59.89,62.00,2.11,59.89,buyer2@example.com,Online,Credit Card,0.00,,0.00,TM-KEY
2026-09-12,TM-DEMO-0040,B3,Buyer 3,1,Credit Card,2026-09-12,Buyer 3,123 Market St,Austin,TX,78701,United States,USD,18.00,,,0.00,0.00,4.95,0.00,22.95,Completed,0.94,22.01,22.95,0.94,22.01,buyer3@example.com,Online,Credit Card,0.00,,0.00,TM-PRINT
2026-09-13,TM-DEMO-0041,B4,Buyer 4,3,Credit Card,2026-09-13,Buyer 4,123 Market St,Austin,TX,78701,United States,USD,158.00,,,0.00,0.00,0.00,0.00,158.00,Completed,4.99,153.01,158.00,4.99,153.01,buyer4@example.com,Online,Credit Card,0.00,,0.00,TM-PET
2026-09-14,TM-DEMO-0042,B5,Buyer 5,1,Credit Card,2026-09-14,Buyer 5,123 Market St,Austin,TX,78701,United States,USD,26.00,,,0.00,0.00,4.95,0.00,30.95,Completed,1.18,29.77,30.95,1.18,29.77,buyer5@example.com,Online,Credit Card,0.00,,0.00,TM-DISH
2026-09-15,TM-DEMO-0043,B6,Buyer 6,3,Credit Card,2026-09-15,Buyer 6,123 Market St,Austin,TX,78701,United States,USD,101.00,,,0.00,0.00,0.00,0.00,101.00,Completed,3.28,97.72,101.00,3.28,97.72,buyer6@example.com,Online,Credit Card,0.00,,0.00,TM-DISH
2026-09-16,TM-DEMO-0044,B7,Buyer 7,1,Credit Card,2026-09-16,Buyer 7,123 Market St,Austin,TX,78701,United States,USD,65.00,,,0.00,0.00,0.00,0.00,65.00,Completed,2.20,62.80,65.00,2.20,62.80,buyer7@example.com,Online,Credit Card,0.00,,0.00,TM-PET
2026-09-17,TM-DEMO-0045,B8,Buyer 8,1,Credit Card,2026-09-17,Buyer 8,123 Market St,Austin,TX,78701,United States,USD,18.00,,,0.00,0.00,4.95,0.00,22.95,Completed,0.94,22.01,22.95,0.94,22.01,buyer8@example.com,Online,Credit Card,0.00,,0.00,TM-PRINT
2026-09-18,TM-DEMO-0046,B9,Buyer 9,1,Credit Card,2026-09-18,Buyer 9,123 Market St,Austin,TX,78701,United States,USD,25.00,,,0.00,0.00,4.95,0.00,29.95,Completed,1.15,28.80,29.95,1.15,28.80,buyer9@example.com,Online,Credit Card,0.00,,0.00,TM-GIFT
2026-09-19,TM-DEMO-0047,B10,Buyer 10,1,Credit Card,2026-09-19,Buyer 10,123 Market St,Austin,TX,78701,United States,USD,28.00,,,0.00,0.00,4.95,0.00,32.95,Completed,1.24,31.71,32.95,1.24,31.71,buyer10@example.com,Online,Credit Card,0.00,,0.00,TM-TOWEL
2026-09-20,TM-DEMO-0048,B11,Buyer 11,1,Credit Card,2026-09-20,Buyer 11,123 Market St,Austin,TX,78701,United States,USD,26.00,,,0.00,0.00,4.95,0.00,30.95,Completed,1.18,29.77,30.95,1.18,29.77,buyer11@example.com,Online,Credit Card,0.00,,0.00,TM-DISH
2026-09-21,TM-DEMO-0049,B12,Buyer 12,2,Credit Card,2026-09-21,Buyer 12,123 Market St,Austin,TX,78701,United States,USD,46.00,,,0.00,0.00,0.00,0.00,46.00,Completed,1.63,44.37,46.00,1.63,44.37,buyer12@example.com,Online,Credit Card,0.00,,0.00,TM-TOTE
2026-09-22,TM-DEMO-0050,B13,Buyer 13,1,Credit Card,2026-09-22,Buyer 13,123 Market St,Austin,TX,78701,United States,USD,65.00,,,0.00,0.00,0.00,0.00,65.00,Completed,2.20,62.80,65.00,2.20,62.80,buyer13@example.com,Online,Credit Card,0.00,,0.00,TM-PET
2026-09-23,TM-DEMO-0051,B14,Buyer 14,1,Credit Card,2026-09-23,Buyer 14,123 Market St,Austin,TX,78701,United States,USD,65.00,,,0.00,0.00,0.00,0.00,65.00,Completed,2.20,62.80,65.00,2.20,62.80,buyer14@example.com,Online,Credit Card,0.00,,0.00,TM-PET
2026-09-24,TM-DEMO-0052,B15,Buyer 15,3,Credit Card,2026-09-24,Buyer 15,123 Market St,Austin,TX,78701,United States,USD,75.00,,,0.00,0.00,0.00,0.00,75.00,Completed,2.50,72.50,75.00,2.50,72.50,buyer15@example.com,Online,Credit Card,0.00,,0.00,TM-FRAME
2026-09-25,TM-DEMO-0053,B16,Buyer 16,1,Credit Card,2026-09-25,Buyer 16,123 Market St,Austin,TX,78701,United States,USD,25.00,,,0.00,0.00,4.95,0.00,29.95,Completed,1.15,28.80,29.95,1.15,28.80,buyer16@example.com,Online,Credit Card,0.00,,0.00,TM-GIFT
2026-09-26,TM-DEMO-0054,B17,Buyer 17,3,Credit Card,2026-09-26,Buyer 17,123 Market St,Austin,TX,78701,United States,USD,72.00,,,0.00,0.00,0.00,0.00,72.00,Completed,2.41,69.59,72.00,2.41,69.59,buyer17@example.com,Online,Credit Card,0.00,,0.00,TM-TOWEL
2026-09-27,TM-DEMO-0055,B18,Buyer 18,4,Credit Card,2026-09-27,Buyer 18,123 Market St,Austin,TX,78701,United States,USD,51.00,,,0.00,0.00,0.00,0.00,51.00,Completed,1.78,49.22,51.00,1.78,49.22,buyer18@example.com,Online,Credit Card,0.00,,0.00,TM-BOOKMARK
2026-09-28,TM-DEMO-0056,B19,Buyer 19,3,Credit Card,2026-09-28,Buyer 19,123 Market St,Austin,TX,78701,United States,USD,42.00,,,0.00,0.00,4.95,0.00,46.95,Completed,1.66,45.29,46.95,1.66,45.29,buyer19@example.com,Online,Credit Card,0.00,,0.00,TM-PRINT
2026-09-01,TM-DEMO-0057,B20,Buyer 20,1,Credit Card,2026-09-01,Buyer 20,123 Market St,Austin,TX,78701,United States,USD,12.00,,,0.00,0.00,4.95,0.00,16.95,Completed,0.76,16.19,16.95,0.76,16.19,buyer20@example.com,Online,Credit Card,0.00,,0.00,TM-BOOKMARK
2026-09-02,TM-DEMO-0058,B21,Buyer 21,3,Credit Card,2026-09-02,Buyer 21,123 Market St,Austin,TX,78701,United States,USD,68.00,,,0.00,0.00,0.00,0.00,68.00,Completed,2.29,65.71,68.00,2.29,65.71,buyer21@example.com,Online,Credit Card,0.00,,0.00,TM-CONE
2026-09-03,TM-DEMO-0059,B22,Buyer 22,4,Credit Card,2026-09-03,Buyer 22,123 Market St,Austin,TX,78701,United States,USD,106.00,,,0.00,0.00,0.00,0.00,106.00,Completed,3.43,102.57,106.00,3.43,102.57,buyer22@example.com,Online,Credit Card,0.00,,0.00,TM-GIFT
2026-09-04,TM-DEMO-0060,B23,Buyer 23,2,Credit Card,2026-09-04,Buyer 23,123 Market St,Austin,TX,78701,United States,USD,30.00,,,0.00,0.00,4.95,0.00,34.95,Completed,1.30,33.65,34.95,1.30,33.65,buyer23@example.com,Online,Credit Card,0.00,,0.00,TM-STICKER
2026-09-05,TM-DEMO-0061,B24,Buyer 24,4,Credit Card,2026-09-05,Buyer 24,123 Market St,Austin,TX,78701,United States,USD,90.00,,,0.00,0.00,0.00,0.00,90.00,Completed,2.95,87.05,90.00,2.95,87.05,buyer24@example.com,Online,Credit Card,0.00,,0.00,TM-CANDLE
2026-09-06,TM-DEMO-0062,B25,Buyer 25,2,Credit Card,2026-09-06,Buyer 25,123 Market St,Austin,TX,78701,United States,USD,44.00,,,0.00,0.00,4.95,0.00,48.95,Completed,1.72,47.23,48.95,1.72,47.23,buyer25@example.com,Online,Credit Card,0.00,,0.00,TM-PRINT
2026-09-07,TM-DEMO-0063,B26,Buyer 26,3,Credit Card,2026-09-07,Buyer 26,123 Market St,Austin,TX,78701,United States,USD,54.00,,,0.00,0.00,0.00,0.00,54.00,Completed,1.87,52.13,54.00,1.87,52.13,buyer26@example.com,Online,Credit Card,0.00,,0.00,TM-KEY
2026-09-08,TM-DEMO-0064,B27,Buyer 27,1,Credit Card,2026-09-08,Buyer 27,123 Market St,Austin,TX,78701,United States,USD,42.00,,,0.00,0.00,4.95,0.00,46.95,Completed,1.66,45.29,46.95,1.66,45.29,buyer27@example.com,Online,Credit Card,0.00,,0.00,TM-TRAY
2026-09-09,TM-DEMO-0065,B28,Buyer 28,3,Credit Card,2026-09-09,Buyer 28,123 Market St,Austin,TX,78701,United States,USD,54.00,,,0.00,0.00,0.00,0.00,54.00,Completed,1.87,52.13,54.00,1.87,52.13,buyer28@example.com,Online,Credit Card,0.00,,0.00,TM-SOAP
2026-09-10,TM-DEMO-0066,B29,Buyer 29,1,Credit Card,2026-09-10,Buyer 29,123 Market St,Austin,TX,78701,United States,USD,10.00,,,0.00,0.00,4.95,0.00,14.95,Completed,0.70,14.25,14.95,0.70,14.25,buyer29@example.com,Online,Credit Card,0.00,,0.00,TM-SOAP
2026-09-11,TM-DEMO-0067,B30,Buyer 30,3,Credit Card,2026-09-11,Buyer 30,123 Market St,Austin,TX,78701,United States,USD,36.00,,,0.00,0.00,4.95,0.00,40.95,Completed,1.48,39.47,40.95,1.48,39.47,buyer30@example.com,Online,Credit Card,0.00,,0.00,TM-BOOKMARK
2026-09-12,TM-DEMO-0068,B31,Buyer 31,2,Credit Card,2026-09-12,Buyer 31,123 Market St,Austin,TX,78701,United States,USD,40.00,,,0.00,0.00,4.95,0.00,44.95,Completed,1.60,43.35,44.95,1.60,43.35,buyer31@example.com,Online,Credit Card,0.00,,0.00,TM-PRINT
2026-09-13,TM-DEMO-0069,B32,Buyer 32,1,Credit Card,2026-09-13,Buyer 32,123 Market St,Austin,TX,78701,United States,USD,25.00,,,0.00,0.00,4.95,0.00,29.95,Completed,1.15,28.80,29.95,1.15,28.80,buyer32@example.com,Online,Credit Card,0.00,,0.00,TM-GIFT
2026-09-14,TM-DEMO-0070,B33,Buyer 33,1,Credit Card,2026-09-14,Buyer 33,123 Market St,Austin,TX,78701,United States,USD,65.00,,,0.00,0.00,0.00,0.00,65.00,Completed,2.20,62.80,65.00,2.20,62.80,buyer33@example.com,Online,Credit Card,0.00,,0.00,TM-PET
2026-09-15,TM-DEMO-0071,B34,Buyer 34,1,Credit Card,2026-09-15,Buyer 34,123 Market St,Austin,TX,78701,United States,USD,65.00,,,0.00,0.00,0.00,0.00,65.00,Completed,2.20,62.80,65.00,2.20,62.80,buyer34@example.com,Online,Credit Card,0.00,,0.00,TM-PET
2026-09-16,TM-DEMO-0072,B35,Buyer 35,3,Credit Card,2026-09-16,Buyer 35,123 Market St,Austin,TX,78701,United States,USD,82.00,,,0.00,0.00,0.00,0.00,82.00,Completed,2.71,79.29,82.00,2.71,79.29,buyer35@example.com,Online,Credit Card,0.00,,0.00,TM-TOWEL
2026-09-17,TM-DEMO-0073,B36,Buyer 36,1,Credit Card,2026-09-17,Buyer 36,123 Market St,Austin,TX,78701,United States,USD,30.00,,,0.00,0.00,4.95,0.00,34.95,Completed,1.30,33.65,34.95,1.30,33.65,buyer36@example.com,Online,Credit Card,0.00,,0.00,TM-POSTER
2026-09-18,TM-DEMO-0074,B37,Buyer 37,1,Credit Card,2026-09-18,Buyer 37,123 Market St,Austin,TX,78701,United States,USD,26.00,,,0.00,0.00,4.95,0.00,30.95,Completed,1.18,29.77,30.95,1.18,29.77,buyer37@example.com,Online,Credit Card,0.00,,0.00,TM-DISH
2026-09-19,TM-DEMO-0075,B1,Buyer 1,1,Credit Card,2026-09-19,Buyer 1,123 Market St,Austin,TX,78701,United States,USD,8.00,,,0.00,0.00,4.95,0.00,12.95,Completed,0.64,12.31,12.95,0.64,12.31,buyer1@example.com,Online,Credit Card,0.00,,0.00,TM-STICKER
2026-09-20,TM-DEMO-0076,B2,Buyer 2,3,Credit Card,2026-09-20,Buyer 2,123 Market St,Austin,TX,78701,United States,USD,63.00,,,0.00,0.00,0.00,0.00,63.00,Completed,2.14,60.86,63.00,2.14,60.86,buyer2@example.com,Online,Credit Card,0.00,,0.00,TM-CONE
2026-09-21,TM-DEMO-0077,B3,Buyer 3,1,Credit Card,2026-09-21,Buyer 3,123 Market St,Austin,TX,78701,United States,USD,28.00,,,0.00,0.00,4.95,0.00,32.95,Completed,1.24,31.71,32.95,1.24,31.71,buyer3@example.com,Online,Credit Card,0.00,,0.00,TM-TOWEL
2026-09-22,TM-DEMO-0078,B4,Buyer 4,3,Credit Card,2026-09-22,Buyer 4,123 Market St,Austin,TX,78701,United States,USD,79.00,,,0.00,0.00,0.00,0.00,79.00,Completed,2.62,76.38,79.00,2.62,76.38,buyer4@example.com,Online,Credit Card,0.00,,0.00,TM-POSTER
2026-09-23,TM-DEMO-0079,B5,Buyer 5,3,Credit Card,2026-09-23,Buyer 5,123 Market St,Austin,TX,78701,United States,USD,86.00,,,0.00,0.00,0.00,0.00,86.00,Completed,2.83,83.17,86.00,2.83,83.17,buyer5@example.com,Online,Credit Card,0.00,,0.00,TM-DISH
2026-09-24,TM-DEMO-0080,B6,Buyer 6,1,Credit Card,2026-09-24,Buyer 6,123 Market St,Austin,TX,78701,United States,USD,12.00,,,0.00,0.00,4.95,0.00,16.95,Completed,0.76,16.19,16.95,0.76,16.19,buyer6@example.com,Online,Credit Card,0.00,,0.00,TM-BOOKMARK
2026-09-25,TM-DEMO-0081,B7,Buyer 7,1,Credit Card,2026-09-25,Buyer 7,123 Market St,Austin,TX,78701,United States,USD,19.00,,,0.00,0.00,4.95,0.00,23.95,Completed,0.97,22.98,23.95,0.97,22.98,buyer7@example.com,Online,Credit Card,0.00,,0.00,TM-CONE
2026-09-26,TM-DEMO-0082,B8,Buyer 8,1,Credit Card,2026-09-26,Buyer 8,123 Market St,Austin,TX,78701,United States,USD,18.00,,,0.00,0.00,4.95,0.00,22.95,Completed,0.94,22.01,22.95,0.94,22.01,buyer8@example.com,Online,Credit Card,0.00,,0.00,TM-PRINT
2026-09-27,TM-DEMO-0083,B9,Buyer 9,4,Credit Card,2026-09-27,Buyer 9,123 Market St,Austin,TX,78701,United States,USD,106.00,,,0.00,0.00,0.00,0.00,106.00,Completed,3.43,102.57,106.00,3.43,102.57,buyer9@example.com,Online,Credit Card,0.00,,0.00,TM-TOTE
2026-09-28,TM-DEMO-0084,B10,Buyer 10,4,Credit Card,2026-09-28,Buyer 10,123 Market St,Austin,TX,78701,United States,USD,80.00,,,0.00,0.00,0.00,0.00,80.00,Completed,2.65,77.35,80.00,2.65,77.35,buyer10@example.com,Online,Credit Card,0.00,,0.00,TM-PRINT
2026-09-01,TM-DEMO-0085,B11,Buyer 11,1,Credit Card,2026-09-01,Buyer 11,123 Market St,Austin,TX,78701,United States,USD,18.00,,,0.00,0.00,4.95,0.00,22.95,Completed,0.94,22.01,22.95,0.94,22.01,buyer11@example.com,Online,Credit Card,0.00,,0.00,TM-PRINT
2026-09-02,TM-DEMO-0086,B12,Buyer 12,1,Credit Card,2026-09-02,Buyer 12,123 Market St,Austin,TX,78701,United States,USD,26.00,,,0.00,0.00,4.95,0.00,30.95,Completed,1.18,29.77,30.95,1.18,29.77,buyer12@example.com,Online,Credit Card,0.00,,0.00,TM-DISH
2026-09-03,TM-DEMO-0087,B13,Buyer 13,3,Credit Card,2026-09-03,Buyer 13,123 Market St,Austin,TX,78701,United States,USD,36.00,,,0.00,0.00,4.95,0.00,40.95,Completed,1.48,39.47,40.95,1.48,39.47,buyer13@example.com,Online,Credit Card,0.00,,0.00,TM-SOAP
2026-09-04,TM-DEMO-0088,B14,Buyer 14,1,Credit Card,2026-09-04,Buyer 14,123 Market St,Austin,TX,78701,United States,USD,22.00,,,0.00,0.00,4.95,0.00,26.95,Completed,1.06,25.89,26.95,1.06,25.89,buyer14@example.com,Online,Credit Card,0.00,,0.00,TM-CANDLE
2026-09-05,TM-DEMO-0089,B15,Buyer 15,3,Credit Card,2026-09-05,Buyer 15,123 Market St,Austin,TX,78701,United States,USD,38.00,,,0.00,0.00,4.95,0.00,42.95,Completed,1.54,41.41,42.95,1.54,41.41,buyer15@example.com,Online,Credit Card,0.00,,0.00,TM-SOAP
2026-09-06,TM-DEMO-0090,B16,Buyer 16,1,Credit Card,2026-09-06,Buyer 16,123 Market St,Austin,TX,78701,United States,USD,34.00,,,0.00,0.00,4.95,0.00,38.95,Completed,1.42,37.53,38.95,1.42,37.53,buyer16@example.com,Online,Credit Card,0.00,,0.00,TM-TOTE
2026-09-07,TM-DEMO-0091,B17,Buyer 17,1,Credit Card,2026-09-07,Buyer 17,123 Market St,Austin,TX,78701,United States,USD,22.00,,,0.00,0.00,4.95,0.00,26.95,Completed,1.06,25.89,26.95,1.06,25.89,buyer17@example.com,Online,Credit Card,0.00,,0.00,TM-CANDLE
2026-09-08,TM-DEMO-0092,B18,Buyer 18,1,Credit Card,2026-09-08,Buyer 18,123 Market St,Austin,TX,78701,United States,USD,12.00,,,0.00,0.00,4.95,0.00,16.95,Completed,0.76,16.19,16.95,0.76,16.19,buyer18@example.com,Online,Credit Card,0.00,,0.00,TM-BOOKMARK
2026-09-09,TM-DEMO-0093,B19,Buyer 19,1,Credit Card,2026-09-09,Buyer 19,123 Market St,Austin,TX,78701,United States,USD,48.00,,,0.00,0.00,0.00,0.00,48.00,Completed,1.69,46.31,48.00,1.69,46.31,buyer19@example.com,Online,Credit Card,0.00,,0.00,TM-FRAME
2026-09-10,TM-DEMO-0094,B20,Buyer 20,1,Credit Card,2026-09-10,Buyer 20,123 Market St,Austin,TX,78701,United States,USD,30.00,,,0.00,0.00,4.95,0.00,34.95,Completed,1.30,33.65,34.95,1.30,33.65,buyer20@example.com,Online,Credit Card,0.00,,0.00,TM-POSTER
2026-09-11,TM-DEMO-0095,B21,Buyer 21,2,Credit Card,2026-09-11,Buyer 21,123 Market St,Austin,TX,78701,United States,USD,34.00,,,0.00,0.00,4.95,0.00,38.95,Completed,1.42,37.53,38.95,1.42,37.53,buyer21@example.com,Online,Credit Card,0.00,,0.00,TM-STICKER
2026-09-12,TM-DEMO-0096,B22,Buyer 22,3,Credit Card,2026-09-12,Buyer 22,123 Market St,Austin,TX,78701,United States,USD,160.00,,,0.00,0.00,0.00,0.00,160.00,Completed,5.05,154.95,160.00,5.05,154.95,buyer22@example.com,Online,Credit Card,0.00,,0.00,TM-PET
2026-09-13,TM-DEMO-0097,B23,Buyer 23,1,Credit Card,2026-09-13,Buyer 23,123 Market St,Austin,TX,78701,United States,USD,28.00,,,0.00,0.00,4.95,0.00,32.95,Completed,1.24,31.71,32.95,1.24,31.71,buyer23@example.com,Online,Credit Card,0.00,,0.00,TM-TOWEL
2026-09-14,TM-DEMO-0098,B24,Buyer 24,2,Credit Card,2026-09-14,Buyer 24,123 Market St,Austin,TX,78701,United States,USD,52.00,,,0.00,0.00,0.00,0.00,52.00,Completed,1.81,50.19,52.00,1.81,50.19,buyer24@example.com,Online,Credit Card,0.00,,0.00,TM-TRAY
2026-09-15,TM-DEMO-0099,B25,Buyer 25,2,Credit Card,2026-09-15,Buyer 25,123 Market St,Austin,TX,78701,United States,USD,41.00,,,0.00,0.00,4.95,0.00,45.95,Completed,1.63,44.32,45.95,1.63,44.32,buyer25@example.com,Online,Credit Card,0.00,,0.00,TM-KEY
2026-09-16,TM-DEMO-0100,B26,Buyer 26,1,Credit Card,2026-09-16,Buyer 26,123 Market St,Austin,TX,78701,United States,USD,42.00,,,0.00,0.00,4.95,0.00,46.95,Completed,1.66,45.29,46.95,1.66,45.29,buyer26@example.com,Online,Credit Card,0.00,,0.00,TM-TRAY
2026-09-17,TM-DEMO-0101,B27,Buyer 27,3,Credit Card,2026-09-17,Buyer 27,123 Market St,Austin,TX,78701,United States,USD,85.00,,,0.00,0.00,0.00,0.00,85.00,Completed,2.80,82.20,85.00,2.80,82.20,buyer27@example.com,Online,Credit Card,0.00,,0.00,TM-POSTER
2026-09-18,TM-DEMO-0102,B28,Buyer 28,2,Credit Card,2026-09-18,Buyer 28,123 Market St,Austin,TX,78701,United States,USD,35.00,,,0.00,0.00,4.95,0.00,39.95,Completed,1.45,38.50,39.95,1.45,38.50,buyer28@example.com,Online,Credit Card,0.00,,0.00,TM-CONE
2026-09-19,TM-DEMO-0103,B29,Buyer 29,1,Credit Card,2026-09-19,Buyer 29,123 Market St,Austin,TX,78701,United States,USD,28.00,,,0.00,0.00,4.95,0.00,32.95,Completed,1.24,31.71,32.95,1.24,31.71,buyer29@example.com,Online,Credit Card,0.00,,0.00,TM-TOWEL
2026-09-20,TM-DEMO-0104,B30,Buyer 30,3,Credit Card,2026-09-20,Buyer 30,123 Market St,Austin,TX,78701,United States,USD,46.00,,,0.00,0.00,0.00,0.00,46.00,Completed,1.63,44.37,46.00,1.63,44.37,buyer30@example.com,Online,Credit Card,0.00,,0.00,TM-CONE
2026-09-21,TM-DEMO-0105,B31,Buyer 31,4,Credit Card,2026-09-21,Buyer 31,123 Market St,Austin,TX,78701,United States,USD,81.00,,,0.00,0.00,0.00,0.00,81.00,Completed,2.68,78.32,81.00,2.68,78.32,buyer31@example.com,Online,Credit Card,0.00,,0.00,TM-CANDLE
2026-09-22,TM-DEMO-0106,B32,Buyer 32,1,Credit Card,2026-09-22,Buyer 32,123 Market St,Austin,TX,78701,United States,USD,19.00,,,0.00,0.00,4.95,0.00,23.95,Completed,0.97,22.98,23.95,0.97,22.98,buyer32@example.com,Online,Credit Card,0.00,,0.00,TM-CONE
2026-09-23,TM-DEMO-0107,B33,Buyer 33,1,Credit Card,2026-09-23,Buyer 33,123 Market St,Austin,TX,78701,United States,USD,18.00,,,0.00,0.00,4.95,0.00,22.95,Completed,0.94,22.01,22.95,0.94,22.01,buyer33@example.com,Online,Credit Card,0.00,,0.00,TM-PRINT
2026-09-24,TM-DEMO-0108,B34,Buyer 34,1,Credit Card,2026-09-24,Buyer 34,123 Market St,Austin,TX,78701,United States,USD,16.00,,,0.00,0.00,4.95,0.00,20.95,Completed,0.88,20.07,20.95,0.88,20.07,buyer34@example.com,Online,Credit Card,0.00,,0.00,TM-KEY
2026-09-25,TM-DEMO-0109,B35,Buyer 35,1,Credit Card,2026-09-25,Buyer 35,123 Market St,Austin,TX,78701,United States,USD,25.00,,,0.00,0.00,4.95,0.00,29.95,Completed,1.15,28.80,29.95,1.15,28.80,buyer35@example.com,Online,Credit Card,0.00,,0.00,TM-GIFT
2026-09-26,TM-DEMO-0110,B36,Buyer 36,3,Credit Card,2026-09-26,Buyer 36,123 Market St,Austin,TX,78701,United States,USD,44.00,,,0.00,0.00,4.95,0.00,48.95,Completed,1.72,47.23,48.95,1.72,47.23,buyer36@example.com,Online,Credit Card,0.00,,0.00,TM-PRINT
2026-09-27,TM-DEMO-0111,B37,Buyer 37,1,Credit Card,2026-09-27,Buyer 37,123 Market St,Austin,TX,78701,United States,USD,42.00,,,0.00,0.00,4.95,0.00,46.95,Completed,1.66,45.29,46.95,1.66,45.29,buyer37@example.com,Online,Credit Card,0.00,,0.00,TM-TRAY
2026-09-28,TM-DEMO-0112,B1,Buyer 1,1,Credit Card,2026-09-28,Buyer 1,123 Market St,Austin,TX,78701,United States,USD,8.00,,,0.00,0.00,4.95,0.00,12.95,Completed,0.64,12.31,12.95,0.64,12.31,buyer1@example.com,Online,Credit Card,0.00,,0.00,TM-STICKER
2026-09-01,TM-DEMO-0113,B2,Buyer 2,3,Credit Card,2026-09-01,Buyer 2,123 Market St,Austin,TX,78701,United States,USD,149.00,,,0.00,0.00,0.00,0.00,149.00,Completed,4.72,144.28,149.00,4.72,144.28,buyer2@example.com,Online,Credit Card,0.00,,0.00,TM-PET
2026-09-02,TM-DEMO-0114,B3,Buyer 3,3,Credit Card,2026-09-02,Buyer 3,123 Market St,Austin,TX,78701,United States,USD,144.00,,,0.00,0.00,0.00,0.00,144.00,Completed,4.57,139.43,144.00,4.57,139.43,buyer3@example.com,Online,Credit Card,0.00,,0.00,TM-FRAME
2026-09-03,TM-DEMO-0115,B4,Buyer 4,1,Credit Card,2026-09-03,Buyer 4,123 Market St,Austin,TX,78701,United States,USD,18.00,,,0.00,0.00,4.95,0.00,22.95,Completed,0.94,22.01,22.95,0.94,22.01,buyer4@example.com,Online,Credit Card,0.00,,0.00,TM-PRINT
2026-09-04,TM-DEMO-0116,B5,Buyer 5,1,Credit Card,2026-09-04,Buyer 5,123 Market St,Austin,TX,78701,United States,USD,19.00,,,0.00,0.00,4.95,0.00,23.95,Completed,0.97,22.98,23.95,0.97,22.98,buyer5@example.com,Online,Credit Card,0.00,,0.00,TM-CONE
2026-09-05,TM-DEMO-0117,B6,Buyer 6,1,Credit Card,2026-09-05,Buyer 6,123 Market St,Austin,TX,78701,United States,USD,48.00,,,0.00,0.00,0.00,0.00,48.00,Completed,1.69,46.31,48.00,1.69,46.31,buyer6@example.com,Online,Credit Card,0.00,,0.00,TM-FRAME
2026-09-06,TM-DEMO-0118,B7,Buyer 7,4,Credit Card,2026-09-06,Buyer 7,123 Market St,Austin,TX,78701,United States,USD,70.00,,,0.00,0.00,0.00,0.00,70.00,Completed,2.35,67.65,70.00,2.35,67.65,buyer7@example.com,Online,Credit Card,0.00,,0.00,TM-SOAP
2026-09-07,TM-DEMO-0119,B8,Buyer 8,3,Credit Card,2026-09-07,Buyer 8,123 Market St,Austin,TX,78701,United States,USD,94.00,,,0.00,0.00,0.00,0.00,94.00,Completed,3.07,90.93,94.00,3.07,90.93,buyer8@example.com,Online,Credit Card,0.00,,0.00,TM-TRAY
2026-09-08,TM-DEMO-0120,B9,Buyer 9,1,Credit Card,2026-09-08,Buyer 9,123 Market St,Austin,TX,78701,United States,USD,42.00,,,0.00,0.00,4.95,0.00,46.95,Completed,1.66,45.29,46.95,1.66,45.29,buyer9@example.com,Online,Credit Card,0.00,,0.00,TM-TRAY
2026-09-09,TM-DEMO-0121,B10,Buyer 10,3,Credit Card,2026-09-09,Buyer 10,123 Market St,Austin,TX,78701,United States,USD,74.00,,,0.00,0.00,0.00,0.00,74.00,Completed,2.47,71.53,74.00,2.47,71.53,buyer10@example.com,Online,Credit Card,0.00,,0.00,TM-KEY
2026-09-10,TM-DEMO-0122,B11,Buyer 11,1,Credit Card,2026-09-10,Buyer 11,123 Market St,Austin,TX,78701,United States,USD,18.00,,,0.00,0.00,4.95,0.00,22.95,Completed,0.94,22.01,22.95,0.94,22.01,buyer11@example.com,Online,Credit Card,0.00,,0.00,TM-PRINT
2026-09-11,TM-DEMO-0123,B12,Buyer 12,1,Credit Card,2026-09-11,Buyer 12,123 Market St,Austin,TX,78701,United States,USD,48.00,,,0.00,0.00,0.00,0.00,48.00,Completed,1.69,46.31,48.00,1.69,46.31,buyer12@example.com,Online,Credit Card,0.00,,0.00,TM-FRAME
2026-09-12,TM-DEMO-0124,B13,Buyer 13,1,Credit Card,2026-09-12,Buyer 13,123 Market St,Austin,TX,78701,United States,USD,34.00,,,0.00,0.00,4.95,0.00,38.95,Completed,1.42,37.53,38.95,1.42,37.53,buyer13@example.com,Online,Credit Card,0.00,,0.00,TM-TOTE
2026-09-13,TM-DEMO-0125,B14,Buyer 14,1,Credit Card,2026-09-13,Buyer 14,123 Market St,Austin,TX,78701,United States,USD,28.00,,,0.00,0.00,4.95,0.00,32.95,Completed,1.24,31.71,32.95,1.24,31.71,buyer14@example.com,Online,Credit Card,0.00,,0.00,TM-TOWEL
2026-09-14,TM-DEMO-0126,B15,Buyer 15,1,Credit Card,2026-09-14,Buyer 15,123 Market St,Austin,TX,78701,United States,USD,48.00,,,0.00,0.00,0.00,0.00,48.00,Completed,1.69,46.31,48.00,1.69,46.31,buyer15@example.com,Online,Credit Card,0.00,,0.00,TM-FRAME
2026-09-15,TM-DEMO-0127,B16,Buyer 16,4,Credit Card,2026-09-15,Buyer 16,123 Market St,Austin,TX,78701,United States,USD,174.00,,,0.00,0.00,0.00,0.00,174.00,Completed,5.47,168.53,174.00,5.47,168.53,buyer16@example.com,Online,Credit Card,0.00,,0.00,TM-FRAME
2026-09-16,TM-DEMO-0128,B17,Buyer 17,3,Credit Card,2026-09-16,Buyer 17,123 Market St,Austin,TX,78701,United States,USD,98.00,,,0.00,0.00,0.00,0.00,98.00,Completed,3.19,94.81,98.00,3.19,94.81,buyer17@example.com,Online,Credit Card,0.00,,0.00,TM-PET
2026-09-17,TM-DEMO-0129,B18,Buyer 18,1,Credit Card,2026-09-17,Buyer 18,123 Market St,Austin,TX,78701,United States,USD,48.00,,,0.00,0.00,0.00,0.00,48.00,Completed,1.69,46.31,48.00,1.69,46.31,buyer18@example.com,Online,Credit Card,0.00,,0.00,TM-FRAME
2026-09-18,TM-DEMO-0130,B19,Buyer 19,1,Credit Card,2026-09-18,Buyer 19,123 Market St,Austin,TX,78701,United States,USD,30.00,,,0.00,0.00,4.95,0.00,34.95,Completed,1.30,33.65,34.95,1.30,33.65,buyer19@example.com,Online,Credit Card,0.00,,0.00,TM-POSTER
2026-09-19,TM-DEMO-0131,B20,Buyer 20,1,Credit Card,2026-09-19,Buyer 20,123 Market St,Austin,TX,78701,United States,USD,28.00,,,0.00,0.00,4.95,0.00,32.95,Completed,1.24,31.71,32.95,1.24,31.71,buyer20@example.com,Online,Credit Card,0.00,,0.00,TM-TOWEL
2026-09-20,TM-DEMO-0132,B21,Buyer 21,1,Credit Card,2026-09-20,Buyer 21,123 Market St,Austin,TX,78701,United States,USD,22.00,,,0.00,0.00,4.95,0.00,26.95,Completed,1.06,25.89,26.95,1.06,25.89,buyer21@example.com,Online,Credit Card,0.00,,0.00,TM-CANDLE
2026-09-21,TM-DEMO-0133,B22,Buyer 22,1,Credit Card,2026-09-21,Buyer 22,123 Market St,Austin,TX,78701,United States,USD,25.00,,,0.00,0.00,4.95,0.00,29.95,Completed,1.15,28.80,29.95,1.15,28.80,buyer22@example.com,Online,Credit Card,0.00,,0.00,TM-GIFT
2026-09-22,TM-DEMO-0134,B23,Buyer 23,1,Credit Card,2026-09-22,Buyer 23,123 Market St,Austin,TX,78701,United States,USD,26.00,,,0.00,0.00,4.95,0.00,30.95,Completed,1.18,29.77,30.95,1.18,29.77,buyer23@example.com,Online,Credit Card,0.00,,0.00,TM-DISH
2026-09-23,TM-DEMO-0135,B24,Buyer 24,1,Credit Card,2026-09-23,Buyer 24,123 Market St,Austin,TX,78701,United States,USD,26.00,,,0.00,0.00,4.95,0.00,30.95,Completed,1.18,29.77,30.95,1.18,29.77,buyer24@example.com,Online,Credit Card,0.00,,0.00,TM-DISH
2026-09-24,TM-DEMO-0136,B25,Buyer 25,3,Credit Card,2026-09-24,Buyer 25,123 Market St,Austin,TX,78701,United States,USD,98.00,,,0.00,0.00,0.00,0.00,98.00,Completed,3.19,94.81,98.00,3.19,94.81,buyer25@example.com,Online,Credit Card,0.00,,0.00,TM-GIFT
2026-09-25,TM-DEMO-0137,B26,Buyer 26,1,Credit Card,2026-09-25,Buyer 26,123 Market St,Austin,TX,78701,United States,USD,25.00,,,0.00,0.00,4.95,0.00,29.95,Completed,1.15,28.80,29.95,1.15,28.80,buyer26@example.com,Online,Credit Card,0.00,,0.00,TM-GIFT
2026-09-26,TM-DEMO-0138,B27,Buyer 27,1,Credit Card,2026-09-26,Buyer 27,123 Market St,Austin,TX,78701,United States,USD,28.00,,,0.00,0.00,4.95,0.00,32.95,Completed,1.24,31.71,32.95,1.24,31.71,buyer27@example.com,Online,Credit Card,0.00,,0.00,TM-TOWEL
2026-09-27,TM-DEMO-0139,B28,Buyer 28,1,Credit Card,2026-09-27,Buyer 28,123 Market St,Austin,TX,78701,United States,USD,10.00,,,0.00,0.00,4.95,0.00,14.95,Completed,0.70,14.25,14.95,0.70,14.25,buyer28@example.com,Online,Credit Card,0.00,,0.00,TM-SOAP
2026-09-28,TM-DEMO-0140,B29,Buyer 29,1,Credit Card,2026-09-28,Buyer 29,123 Market St,Austin,TX,78701,United States,USD,12.00,,,0.00,0.00,4.95,0.00,16.95,Completed,0.76,16.19,16.95,0.76,16.19,buyer29@example.com,Online,Credit Card,0.00,,0.00,TM-BOOKMARK
2026-09-01,TM-DEMO-0141,B30,Buyer 30,4,Credit Card,2026-09-01,Buyer 30,123 Market St,Austin,TX,78701,United States,USD,86.00,,,0.00,0.00,0.00,0.00,86.00,Completed,2.83,83.17,86.00,2.83,83.17,buyer30@example.com,Online,Credit Card,0.00,,0.00,TM-KEY
2026-09-02,TM-DEMO-0142,B31,Buyer 31,1,Credit Card,2026-09-02,Buyer 31,123 Market St,Austin,TX,78701,United States,USD,28.00,,,0.00,0.00,4.95,0.00,32.95,Completed,1.24,31.71,32.95,1.24,31.71,buyer31@example.com,Online,Credit Card,0.00,,0.00,TM-TOWEL
2026-09-03,TM-DEMO-0143,B32,Buyer 32,1,Credit Card,2026-09-03,Buyer 32,123 Market St,Austin,TX,78701,United States,USD,19.00,,,0.00,0.00,4.95,0.00,23.95,Completed,0.97,22.98,23.95,0.97,22.98,buyer32@example.com,Online,Credit Card,0.00,,0.00,TM-CONE
2026-09-04,TM-DEMO-0144,B33,Buyer 33,1,Credit Card,2026-09-04,Buyer 33,123 Market St,Austin,TX,78701,United States,USD,25.00,,,0.00,0.00,4.95,0.00,29.95,Completed,1.15,28.80,29.95,1.15,28.80,buyer33@example.com,Online,Credit Card,0.00,,0.00,TM-GIFT
2026-09-05,TM-DEMO-0145,B34,Buyer 34,3,Credit Card,2026-09-05,Buyer 34,123 Market St,Austin,TX,78701,United States,USD,72.00,,,0.00,0.00,0.00,0.00,72.00,Completed,2.41,69.59,72.00,2.41,69.59,buyer34@example.com,Online,Credit Card,0.00,,0.00,TM-TOWEL
2026-09-06,TM-DEMO-0146,B35,Buyer 35,3,Credit Card,2026-09-06,Buyer 35,123 Market St,Austin,TX,78701,United States,USD,43.00,,,0.00,0.00,4.95,0.00,47.95,Completed,1.69,46.26,47.95,1.69,46.26,buyer35@example.com,Online,Credit Card,0.00,,0.00,TM-BOOKMARK
2026-09-07,TM-DEMO-0147,B36,Buyer 36,2,Credit Card,2026-09-07,Buyer 36,123 Market St,Austin,TX,78701,United States,USD,93.00,,,0.00,0.00,0.00,0.00,93.00,Completed,3.04,89.96,93.00,3.04,89.96,buyer36@example.com,Online,Credit Card,0.00,,0.00,TM-PET
2026-09-08,TM-DEMO-0148,B37,Buyer 37,3,Credit Card,2026-09-08,Buyer 37,123 Market St,Austin,TX,78701,United States,USD,78.00,,,0.00,0.00,0.00,0.00,78.00,Completed,2.59,75.41,78.00,2.59,75.41,buyer37@example.com,Online,Credit Card,0.00,,0.00,TM-FRAME
2026-09-09,TM-DEMO-0149,B1,Buyer 1,3,Credit Card,2026-09-09,Buyer 1,123 Market St,Austin,TX,78701,United States,USD,98.00,,,0.00,0.00,0.00,0.00,98.00,Completed,3.19,94.81,98.00,3.19,94.81,buyer1@example.com,Online,Credit Card,0.00,,0.00,TM-GIFT
2026-09-10,TM-DEMO-0150,B2,Buyer 2,4,Credit Card,2026-09-10,Buyer 2,123 Market St,Austin,TX,78701,United States,USD,135.00,,,0.00,0.00,0.00,0.00,135.00,Completed,4.30,130.70,135.00,4.30,130.70,buyer2@example.com,Online,Credit Card,0.00,,0.00,TM-TOTE
2026-09-11,TM-DEMO-0151,B3,Buyer 3,3,Credit Card,2026-09-11,Buyer 3,123 Market St,Austin,TX,78701,United States,USD,94.00,,,0.00,0.00,0.00,0.00,94.00,Completed,3.07,90.93,94.00,3.07,90.93,buyer3@example.com,Online,Credit Card,0.00,,0.00,TM-TRAY
2026-09-12,TM-DEMO-0152,B4,Buyer 4,1,Credit Card,2026-09-12,Buyer 4,123 Market St,Austin,TX,78701,United States,USD,48.00,,,0.00,0.00,0.00,0.00,48.00,Completed,1.69,46.31,48.00,1.69,46.31,buyer4@example.com,Online,Credit Card,0.00,,0.00,TM-FRAME
2026-09-13,TM-DEMO-0153,B5,Buyer 5,1,Credit Card,2026-09-13,Buyer 5,123 Market St,Austin,TX,78701,United States,USD,12.00,,,0.00,0.00,4.95,0.00,16.95,Completed,0.76,16.19,16.95,0.76,16.19,buyer5@example.com,Online,Credit Card,0.00,,0.00,TM-BOOKMARK
2026-09-14,TM-DEMO-0154,B6,Buyer 6,1,Credit Card,2026-09-14,Buyer 6,123 Market St,Austin,TX,78701,United States,USD,26.00,,,0.00,0.00,4.95,0.00,30.95,Completed,1.18,29.77,30.95,1.18,29.77,buyer6@example.com,Online,Credit Card,0.00,,0.00,TM-DISH
2026-09-15,TM-DEMO-0155,B7,Buyer 7,1,Credit Card,2026-09-15,Buyer 7,123 Market St,Austin,TX,78701,United States,USD,42.00,,,0.00,0.00,4.95,0.00,46.95,Completed,1.66,45.29,46.95,1.66,45.29,buyer7@example.com,Online,Credit Card,0.00,,0.00,TM-TRAY
2026-09-16,TM-DEMO-0156,B8,Buyer 8,1,Credit Card,2026-09-16,Buyer 8,123 Market St,Austin,TX,78701,United States,USD,25.00,,,0.00,0.00,4.95,0.00,29.95,Completed,1.15,28.80,29.95,1.15,28.80,buyer8@example.com,Online,Credit Card,0.00,,0.00,TM-GIFT
2026-09-17,TM-DEMO-0157,B9,Buyer 9,1,Credit Card,2026-09-17,Buyer 9,123 Market St,Austin,TX,78701,United States,USD,48.00,,,0.00,0.00,0.00,0.00,48.00,Completed,1.69,46.31,48.00,1.69,46.31,buyer9@example.com,Online,Credit Card,0.00,,0.00,TM-FRAME
2026-09-18,TM-DEMO-0158,B10,Buyer 10,1,Credit Card,2026-09-18,Buyer 10,123 Market St,Austin,TX,78701,United States,USD,65.00,,,0.00,0.00,0.00,0.00,65.00,Completed,2.20,62.80,65.00,2.20,62.80,buyer10@example.com,Online,Credit Card,0.00,,0.00,TM-PET
2026-09-19,TM-DEMO-0159,B11,Buyer 11,1,Credit Card,2026-09-19,Buyer 11,123 Market St,Austin,TX,78701,United States,USD,22.00,,,0.00,0.00,4.95,0.00,26.95,Completed,1.06,25.89,26.95,1.06,25.89,buyer11@example.com,Online,Credit Card,0.00,,0.00,TM-CANDLE
2026-09-20,TM-DEMO-0160,B12,Buyer 12,1,Credit Card,2026-09-20,Buyer 12,123 Market St,Austin,TX,78701,United States,USD,19.00,,,0.00,0.00,4.95,0.00,23.95,Completed,0.97,22.98,23.95,0.97,22.98,buyer12@example.com,Online,Credit Card,0.00,,0.00,TM-CONE
2026-09-21,TM-DEMO-0161,B13,Buyer 13,3,Credit Card,2026-09-21,Buyer 13,123 Market St,Austin,TX,78701,United States,USD,85.00,,,0.00,0.00,0.00,0.00,85.00,Completed,2.80,82.20,85.00,2.80,82.20,buyer13@example.com,Online,Credit Card,0.00,,0.00,TM-SOAP
2026-09-22,TM-DEMO-0162,B14,Buyer 14,3,Credit Card,2026-09-22,Buyer 14,123 Market St,Austin,TX,78701,United States,USD,62.00,,,0.00,0.00,0.00,0.00,62.00,Completed,2.11,59.89,62.00,2.11,59.89,buyer14@example.com,Online,Credit Card,0.00,,0.00,TM-DISH
2026-09-23,TM-DEMO-0163,B15,Buyer 15,4,Credit Card,2026-09-23,Buyer 15,123 Market St,Austin,TX,78701,United States,USD,93.00,,,0.00,0.00,0.00,0.00,93.00,Completed,3.04,89.96,93.00,3.04,89.96,buyer15@example.com,Online,Credit Card,0.00,,0.00,TM-DISH
2026-09-24,TM-DEMO-0164,B16,Buyer 16,3,Credit Card,2026-09-24,Buyer 16,123 Market St,Austin,TX,78701,United States,USD,66.00,,,0.00,0.00,0.00,0.00,66.00,Completed,2.23,63.77,66.00,2.23,63.77,buyer16@example.com,Online,Credit Card,0.00,,0.00,TM-CONE
2026-09-25,TM-DEMO-0165,B17,Buyer 17,1,Credit Card,2026-09-25,Buyer 17,123 Market St,Austin,TX,78701,United States,USD,42.00,,,0.00,0.00,4.95,0.00,46.95,Completed,1.66,45.29,46.95,1.66,45.29,buyer17@example.com,Online,Credit Card,0.00,,0.00,TM-TRAY
2026-09-26,TM-DEMO-0166,B18,Buyer 18,1,Credit Card,2026-09-26,Buyer 18,123 Market St,Austin,TX,78701,United States,USD,19.00,,,0.00,0.00,4.95,0.00,23.95,Completed,0.97,22.98,23.95,0.97,22.98,buyer18@example.com,Online,Credit Card,0.00,,0.00,TM-CONE
2026-09-27,TM-DEMO-0167,B19,Buyer 19,3,Credit Card,2026-09-27,Buyer 19,123 Market St,Austin,TX,78701,United States,USD,46.00,,,0.00,0.00,0.00,0.00,46.00,Completed,1.63,44.37,46.00,1.63,44.37,buyer19@example.com,Online,Credit Card,0.00,,0.00,TM-BOOKMARK
2026-09-28,TM-DEMO-0168,B20,Buyer 20,1,Credit Card,2026-09-28,Buyer 20,123 Market St,Austin,TX,78701,United States,USD,8.00,,,0.00,0.00,4.95,0.00,12.95,Completed,0.64,12.31,12.95,0.64,12.31,buyer20@example.com,Online,Credit Card,0.00,,0.00,TM-STICKER
2026-09-01,TM-DEMO-0169,B21,Buyer 21,1,Credit Card,2026-09-01,Buyer 21,123 Market St,Austin,TX,78701,United States,USD,65.00,,,0.00,0.00,0.00,0.00,65.00,Completed,2.20,62.80,65.00,2.20,62.80,buyer21@example.com,Online,Credit Card,0.00,,0.00,TM-PET
2026-09-02,TM-DEMO-0170,B22,Buyer 22,3,Credit Card,2026-09-02,Buyer 22,123 Market St,Austin,TX,78701,United States,USD,38.00,,,0.00,0.00,4.95,0.00,42.95,Completed,1.54,41.41,42.95,1.54,41.41,buyer22@example.com,Online,Credit Card,0.00,,0.00,TM-SOAP
2026-09-03,TM-DEMO-0171,B23,Buyer 23,1,Credit Card,2026-09-03,Buyer 23,123 Market St,Austin,TX,78701,United States,USD,26.00,,,0.00,0.00,4.95,0.00,30.95,Completed,1.18,29.77,30.95,1.18,29.77,buyer23@example.com,Online,Credit Card,0.00,,0.00,TM-DISH
2026-09-04,TM-DEMO-0172,B24,Buyer 24,1,Credit Card,2026-09-04,Buyer 24,123 Market St,Austin,TX,78701,United States,USD,34.00,,,0.00,0.00,4.95,0.00,38.95,Completed,1.42,37.53,38.95,1.42,37.53,buyer24@example.com,Online,Credit Card,0.00,,0.00,TM-TOTE
2026-09-05,TM-DEMO-0173,B25,Buyer 25,3,Credit Card,2026-09-05,Buyer 25,123 Market St,Austin,TX,78701,United States,USD,114.00,,,0.00,0.00,0.00,0.00,114.00,Completed,3.67,110.33,114.00,3.67,110.33,buyer25@example.com,Online,Credit Card,0.00,,0.00,TM-TRAY
2026-09-06,TM-DEMO-0174,B26,Buyer 26,3,Credit Card,2026-09-06,Buyer 26,123 Market St,Austin,TX,78701,United States,USD,62.00,,,0.00,0.00,0.00,0.00,62.00,Completed,2.11,59.89,62.00,2.11,59.89,buyer26@example.com,Online,Credit Card,0.00,,0.00,TM-GIFT
2026-09-07,TM-DEMO-0175,B27,Buyer 27,3,Credit Card,2026-09-07,Buyer 27,123 Market St,Austin,TX,78701,United States,USD,109.00,,,0.00,0.00,0.00,0.00,109.00,Completed,3.52,105.48,109.00,3.52,105.48,buyer27@example.com,Online,Credit Card,0.00,,0.00,TM-TRAY
2026-09-08,TM-DEMO-0176,B28,Buyer 28,1,Credit Card,2026-09-08,Buyer 28,123 Market St,Austin,TX,78701,United States,USD,26.00,,,0.00,0.00,4.95,0.00,30.95,Completed,1.18,29.77,30.95,1.18,29.77,buyer28@example.com,Online,Credit Card,0.00,,0.00,TM-DISH
2026-09-09,TM-DEMO-0177,B29,Buyer 29,3,Credit Card,2026-09-09,Buyer 29,123 Market St,Austin,TX,78701,United States,USD,66.00,,,0.00,0.00,0.00,0.00,66.00,Completed,2.23,63.77,66.00,2.23,63.77,buyer29@example.com,Online,Credit Card,0.00,,0.00,TM-CONE
2026-09-10,TM-DEMO-0178,B30,Buyer 30,1,Credit Card,2026-09-10,Buyer 30,123 Market St,Austin,TX,78701,United States,USD,26.00,,,0.00,0.00,4.95,0.00,30.95,Completed,1.18,29.77,30.95,1.18,29.77,buyer30@example.com,Online,Credit Card,0.00,,0.00,TM-DISH
2026-09-11,TM-DEMO-0179,B31,Buyer 31,1,Credit Card,2026-09-11,Buyer 31,123 Market St,Austin,TX,78701,United States,USD,42.00,,,0.00,0.00,4.95,0.00,46.95,Completed,1.66,45.29,46.95,1.66,45.29,buyer31@example.com,Online,Credit Card,0.00,,0.00,TM-TRAY
2026-09-12,TM-DEMO-0180,B32,Buyer 32,1,Credit Card,2026-09-12,Buyer 32,123 Market St,Austin,TX,78701,United States,USD,10.00,,,0.00,0.00,4.95,0.00,14.95,Completed,0.70,14.25,14.95,0.70,14.25,buyer32@example.com,Online,Credit Card,0.00,,0.00,TM-SOAP
2026-09-13,TM-DEMO-0181,B33,Buyer 33,3,Credit Card,2026-09-13,Buyer 33,123 Market St,Austin,TX,78701,United States,USD,84.00,,,0.00,0.00,0.00,0.00,84.00,Completed,2.77,81.23,84.00,2.77,81.23,buyer33@example.com,Online,Credit Card,0.00,,0.00,TM-PRINT
2026-09-14,TM-DEMO-0182,B34,Buyer 34,4,Credit Card,2026-09-14,Buyer 34,123 Market St,Austin,TX,78701,United States,USD,36.00,,,0.00,0.00,4.95,0.00,40.95,Completed,1.48,39.47,40.95,1.48,39.47,buyer34@example.com,Online,Credit Card,0.00,,0.00,TM-STICKER
2026-09-15,TM-DEMO-0183,B35,Buyer 35,1,Credit Card,2026-09-15,Buyer 35,123 Market St,Austin,TX,78701,United States,USD,34.00,,,0.00,0.00,4.95,0.00,38.95,Completed,1.42,37.53,38.95,1.42,37.53,buyer35@example.com,Online,Credit Card,0.00,,0.00,TM-TOTE
2026-09-16,TM-DEMO-0184,B36,Buyer 36,3,Credit Card,2026-09-16,Buyer 36,123 Market St,Austin,TX,78701,United States,USD,45.00,,,0.00,0.00,0.00,0.00,45.00,Completed,1.60,43.40,45.00,1.60,43.40,buyer36@example.com,Online,Credit Card,0.00,,0.00,TM-SOAP
2026-09-17,TM-DEMO-0185,B37,Buyer 37,1,Credit Card,2026-09-17,Buyer 37,123 Market St,Austin,TX,78701,United States,USD,28.00,,,0.00,0.00,4.95,0.00,32.95,Completed,1.24,31.71,32.95,1.24,31.71,buyer37@example.com,Online,Credit Card,0.00,,0.00,TM-TOWEL
2026-09-18,TM-DEMO-0186,B1,Buyer 1,1,Credit Card,2026-09-18,Buyer 1,123 Market St,Austin,TX,78701,United States,USD,10.00,,,0.00,0.00,4.95,0.00,14.95,Completed,0.70,14.25,14.95,0.70,14.25,buyer1@example.com,Online,Credit Card,0.00,,0.00,TM-SOAP
2026-09-19,TM-DEMO-0187,B2,Buyer 2,3,Credit Card,2026-09-19,Buyer 2,123 Market St,Austin,TX,78701,United States,USD,28.00,,,0.00,0.00,4.95,0.00,32.95,Completed,1.24,31.71,32.95,1.24,31.71,buyer2@example.com,Online,Credit Card,0.00,,0.00,TM-SOAP
2026-09-20,TM-DEMO-0188,B3,Buyer 3,1,Credit Card,2026-09-20,Buyer 3,123 Market St,Austin,TX,78701,United States,USD,8.00,,,0.00,0.00,4.95,0.00,12.95,Completed,0.64,12.31,12.95,0.64,12.31,buyer3@example.com,Online,Credit Card,0.00,,0.00,TM-STICKER
2026-09-21,TM-DEMO-0189,B4,Buyer 4,1,Credit Card,2026-09-21,Buyer 4,123 Market St,Austin,TX,78701,United States,USD,12.00,,,0.00,0.00,4.95,0.00,16.95,Completed,0.76,16.19,16.95,0.76,16.19,buyer4@example.com,Online,Credit Card,0.00,,0.00,TM-BOOKMARK
2026-09-22,TM-DEMO-0190,B5,Buyer 5,1,Credit Card,2026-09-22,Buyer 5,123 Market St,Austin,TX,78701,United States,USD,28.00,,,0.00,0.00,4.95,0.00,32.95,Completed,1.24,31.71,32.95,1.24,31.71,buyer5@example.com,Online,Credit Card,0.00,,0.00,TM-TOWEL
2026-09-23,TM-DEMO-0191,B6,Buyer 6,2,Credit Card,2026-09-23,Buyer 6,123 Market St,Austin,TX,78701,United States,USD,50.00,,,0.00,0.00,0.00,0.00,50.00,Completed,1.75,48.25,50.00,1.75,48.25,buyer6@example.com,Online,Credit Card,0.00,,0.00,TM-KEY
2026-09-24,TM-DEMO-0192,B7,Buyer 7,2,Credit Card,2026-09-24,Buyer 7,123 Market St,Austin,TX,78701,United States,USD,107.00,,,0.00,0.00,0.00,0.00,107.00,Completed,3.46,103.54,107.00,3.46,103.54,buyer7@example.com,Online,Credit Card,0.00,,0.00,TM-TRAY
2026-09-25,TM-DEMO-0193,B8,Buyer 8,1,Credit Card,2026-09-25,Buyer 8,123 Market St,Austin,TX,78701,United States,USD,10.00,,,0.00,0.00,4.95,0.00,14.95,Completed,0.70,14.25,14.95,0.70,14.25,buyer8@example.com,Online,Credit Card,0.00,,0.00,TM-SOAP
2026-09-26,TM-DEMO-0194,B9,Buyer 9,1,Credit Card,2026-09-26,Buyer 9,123 Market St,Austin,TX,78701,United States,USD,10.00,,,0.00,0.00,4.95,0.00,14.95,Completed,0.70,14.25,14.95,0.70,14.25,buyer9@example.com,Online,Credit Card,0.00,,0.00,TM-SOAP
2026-09-27,TM-DEMO-0195,B10,Buyer 10,1,Credit Card,2026-09-27,Buyer 10,123 Market St,Austin,TX,78701,United States,USD,48.00,,,0.00,0.00,0.00,0.00,48.00,Completed,1.69,46.31,48.00,1.69,46.31,buyer10@example.com,Online,Credit Card,0.00,,0.00,TM-FRAME
2026-09-28,TM-DEMO-0196,B11,Buyer 11,1,Credit Card,2026-09-28,Buyer 11,123 Market St,Austin,TX,78701,United States,USD,8.00,,,0.00,0.00,4.95,0.00,12.95,Completed,0.64,12.31,12.95,0.64,12.31,buyer11@example.com,Online,Credit Card,0.00,,0.00,TM-STICKER
2026-09-01,TM-DEMO-0197,B12,Buyer 12,1,Credit Card,2026-09-01,Buyer 12,123 Market St,Austin,TX,78701,United States,USD,12.00,,,0.00,0.00,4.95,0.00,16.95,Completed,0.76,16.19,16.95,0.76,16.19,buyer12@example.com,Online,Credit Card,0.00,,0.00,TM-BOOKMARK
2026-09-02,TM-DEMO-0198,B13,Buyer 13,4,Credit Card,2026-09-02,Buyer 13,123 Market St,Austin,TX,78701,United States,USD,102.00,,,0.00,0.00,0.00,0.00,102.00,Completed,3.31,98.69,102.00,3.31,98.69,buyer13@example.com,Online,Credit Card,0.00,,0.00,TM-CONE
2026-09-03,TM-DEMO-0199,B14,Buyer 14,3,Credit Card,2026-09-03,Buyer 14,123 Market St,Austin,TX,78701,United States,USD,110.00,,,0.00,0.00,0.00,0.00,110.00,Completed,3.55,106.45,110.00,3.55,106.45,buyer14@example.com,Online,Credit Card,0.00,,0.00,TM-TOWEL
2026-09-04,TM-DEMO-0200,B15,Buyer 15,1,Credit Card,2026-09-04,Buyer 15,123 Market St,Austin,TX,78701,United States,USD,18.00,,,0.00,0.00,4.95,0.00,22.95,Completed,0.94,22.01,22.95,0.94,22.01,buyer15@example.com,Online,Credit Card,0.00,,0.00,TM-PRINT
