Sale Date,Item Name,Buyer,Quantity,Price,Coupon Code,Coupon Details,Discount Amount,Shipping Discount,Order Shipping,Order Sales Tax,Item Total,Currency,Transaction ID,Listing ID,Date Paid,Date Shipped,Ship Name,Ship Address1,Ship City,Ship State,Ship Zipcode,Ship Country,Order ID,Variations,Order Type,Listings Type,Payment Type,InPerson Discount,InPerson Location,SKU
2026-09-01,Sunset Sticker Pack,buyer1@example.com,2,8.00,,,0.00,0.00,4.95,0.00,16.00,USD,TXN-0001-1,LIST-TM-STICKER,2026-09-01,2026-09-01,Buyer 1,123 Market St,Austin,TX,78701,United States,TM-DEMO-0001,,Online,Physical,Credit Card,0.00,,TM-STICKER
2026-09-01,Minimalist Ring Cone,buyer1@example.com,1,19.00,,,0.00,0.00,0.00,0.00,19.00,USD,TXN-0001-2,LIST-TM-CONE,2026-09-01,2026-09-01,Buyer 1,123 Market St,Austin,TX,78701,United States,TM-DEMO-0001,,Online,Physical,Credit Card,0.00,,TM-CONE
2026-09-02,Oak Desk Tray,buyer2@example.com,1,42.00,,,0.00,0.00,4.95,0.00,42.00,USD,TXN-0002-1,LIST-TM-TRAY,2026-09-02,2026-09-02,Buyer 2,123 Market St,Austin,TX,78701,United States,TM-DEMO-0002,,Online,Physical,Credit Card,0.00,,TM-TRAY
2026-09-03,Botanical Bookmark,buyer3@example.com,1,12.00,,,0.00,0.00,4.95,0.00,12.00,USD,TXN-0003-1,LIST-TM-BOOKMARK,2026-09-03,2026-09-03,Buyer 3,123 Market St,Austin,TX,78701,United States,TM-DEMO-0003,,Online,Physical,Credit Card,0.00,,TM-BOOKMARK
2026-09-04,Sunset Sticker Pack,buyer4@example.com,2,8.00,,,0.00,0.00,4.95,0.00,16.00,USD,TXN-0004-1,LIST-TM-STICKER,2026-09-04,2026-09-04,Buyer 4,123 Market St,Austin,TX,78701,United States,TM-DEMO-0004,,Online,Physical,Credit Card,0.00,,TM-STICKER
2026-09-04,Minimalist Ring Cone,buyer4@example.com,1,19.00,,,0.00,0.00,0.00,0.00,19.00,USD,TXN-0004-2,LIST-TM-CONE,2026-09-04,2026-09-04,Buyer 4,123 Market St,Austin,TX,78701,United States,TM-DEMO-0004,,Online,Physical,Credit Card,0.00,,TM-CONE
2026-09-05,Pressed Flower Frame,buyer5@example.com,1,48.00,,,0.00,0.00,0.00,0.00,48.00,USD,TXN-0005-1,LIST-TM-FRAME,2026-09-05,2026-09-05,Buyer 5,123 Market St,Austin,TX,78701,United States,TM-DEMO-0005,,Online,Physical,Credit Card,0.00,,TM-FRAME
2026-09-05,Lavender Soap Bar,buyer5@example.com,1,10.00,,,0.00,0.00,0.00,0.00,10.00,USD,TXN-0005-2,LIST-TM-SOAP,2026-09-05,2026-09-05,Buyer 5,123 Market St,Austin,TX,78701,United States,TM-DEMO-0005,,Online,Physical,Credit Card,0.00,,TM-SOAP
2026-09-05,Clay Trinket Dish,buyer5@example.com,1,26.00,,,0.00,0.00,0.00,0.00,26.00,USD,TXN-0005-3,LIST-TM-DISH,2026-09-05,2026-09-05,Buyer 5,123 Market St,Austin,TX,78701,United States,TM-DEMO-0005,,Online,Physical,Credit Card,0.00,,TM-DISH
2026-09-06,Lavender Soap Bar,buyer6@example.com,2,10.00,,,0.00,0.00,0.00,0.00,20.00,USD,TXN-0006-1,LIST-TM-SOAP,2026-09-06,2026-09-06,Buyer 6,123 Market St,Austin,TX,78701,United States,TM-DEMO-0006,,Online,Physical,Credit Card,0.00,,TM-SOAP
2026-09-06,Wildflower Print,buyer6@example.com,1,18.00,,,0.00,0.00,0.00,0.00,18.00,USD,TXN-0006-2,LIST-TM-PRINT,2026-09-06,2026-09-06,Buyer 6,123 Market St,Austin,TX,78701,United States,TM-DEMO-0006,,Online,Physical,Credit Card,0.00,,TM-PRINT
2026-09-06,Monogram Keychain,buyer6@example.com,1,16.00,,,0.00,0.00,0.00,0.00,16.00,USD,TXN-0006-3,LIST-TM-KEY,2026-09-06,2026-09-06,Buyer 6,123 Market St,Austin,TX,78701,United States,TM-DEMO-0006,,Online,Physical,Credit Card,0.00,,TM-KEY
2026-09-07,Botanical Bookmark,buyer7@example.com,1,12.00,,,0.00,0.00,4.95,0.00,12.00,USD,TXN-0007-1,LIST-TM-BOOKMARK,2026-09-07,2026-09-07,Buyer 7,123 Market St,Austin,TX,78701,United States,TM-DEMO-0007,,Online,Physical,Credit Card,0.00,,TM-BOOKMARK
2026-09-08,Cedar & Sage Candle,buyer8@example.com,1,22.00,,,0.00,0.00,4.95,0.00,22.00,USD,TXN-0008-1,LIST-TM-CANDLE,2026-09-08,2026-09-08,Buyer 8,123 Market St,Austin,TX,78701,United States,TM-DEMO-0008,,Online,Physical,Credit Card,0.00,,TM-CANDLE
2026-09-09,Pressed Flower Frame,buyer9@example.com,1,48.00,,,0.00,0.00,0.00,0.00,48.00,USD,TXN-0009-1,LIST-TM-FRAME,2026-09-09,2026-09-09,Buyer 9,123 Market St,Austin,TX,78701,United States,TM-DEMO-0009,,Online,Physical,Credit Card,0.00,,TM-FRAME
2026-09-09,Clay Trinket Dish,buyer9@example.com,1,26.00,,,0.00,0.00,0.00,0.00,26.00,USD,TXN-0009-2,LIST-TM-DISH,2026-09-09,2026-09-09,Buyer 9,123 Market St,Austin,TX,78701,United States,TM-DEMO-0009,,Online,Physical,Credit Card,0.00,,TM-DISH
2026-09-10,Minimalist Ring Cone,buyer10@example.com,2,19.00,,,0.00,0.00,0.00,0.00,38.00,USD,TXN-0010-1,LIST-TM-CONE,2026-09-10,2026-09-10,Buyer 10,123 Market St,Austin,TX,78701,United States,TM-DEMO-0010,,Online,Physical,Credit Card,0.00,,TM-CONE
2026-09-10,Pressed Flower Frame,buyer10@example.com,1,48.00,,,0.00,0.00,0.00,0.00,48.00,USD,TXN-0010-2,LIST-TM-FRAME,2026-09-10,2026-09-10,Buyer 10,123 Market St,Austin,TX,78701,United States,TM-DEMO-0010,,Online,Physical,Credit Card,0.00,,TM-FRAME
2026-09-11,Oak Desk Tray,buyer11@example.com,1,42.00,,,0.00,0.00,0.00,0.00,42.00,USD,TXN-0011-1,LIST-TM-TRAY,2026-09-11,2026-09-11,Buyer 11,123 Market St,Austin,TX,78701,United States,TM-DEMO-0011,,Online,Physical,Credit Card,0.00,,TM-TRAY
2026-09-11,Gift Card,buyer11@example.com,1,25.00,,,0.00,0.00,0.00,0.00,25.00,USD,TXN-0011-2,LIST-TM-GIFT,2026-09-11,2026-09-11,Buyer 11,123 Market St,Austin,TX,78701,United States,TM-DEMO-0011,,Online,Physical,Credit Card,0.00,,TM-GIFT
2026-09-11,Pressed Flower Frame,buyer11@example.com,1,48.00,,,0.00,0.00,0.00,0.00,48.00,USD,TXN-0011-3,LIST-TM-FRAME,2026-09-11,2026-09-11,Buyer 11,123 Market St,Austin,TX,78701,United States,TM-DEMO-0011,,Online,Physical,Credit Card,0.00,,TM-FRAME
2026-09-12,Custom Pet Portrait,buyer12@example.com,1,65.00,,,0.00,0.00,0.00,0.00,65.00,USD,TXN-0012-1,LIST-TM-PET,2026-09-12,2026-09-12,Buyer 12,123 Market St,Austin,TX,78701,United States,TM-DEMO-0012,,Online,Physical,Credit Card,0.00,,TM-PET
2026-09-13,Pressed Flower Frame,buyer13@example.com,1,48.00,,,0.00,0.00,0.00,0.00,48.00,USD,TXN-0013-1,LIST-TM-FRAME,2026-09-13,2026-09-13,Buyer 13,123 Market St,Austin,TX,78701,United States,TM-DEMO-0013,,Online,Physical,Credit Card,0.00,,TM-FRAME
2026-09-14,Tea Towel Set,buyer14@example.com,2,28.00,,,0.00,0.00,0.00,0.00,56.00,USD,TXN-0014-1,LIST-TM-TOWEL,2026-09-14,2026-09-14,Buyer 14,123 Market St,Austin,TX,78701,United States,TM-DEMO-0014,,Online,Physical,Credit Card,0.00,,TM-TOWEL
2026-09-14,Clay Trinket Dish,buyer14@example.com,1,26.00,,,0.00,0.00,0.00,0.00,26.00,USD,TXN-0014-2,LIST-TM-DISH,2026-09-14,2026-09-14,Buyer 14,123 Market St,Austin,TX,78701,United States,TM-DEMO-0014,,Online,Physical,Credit Card,0.00,,TM-DISH
2026-09-14,Linen Market Tote,buyer14@example.com,1,34.00,,,0.00,0.00,0.00,0.00,34.00,USD,TXN-0014-3,LIST-TM-TOTE,2026-09-14,2026-09-14,Buyer 14,123 Market St,Austin,TX,78701,United States,TM-DEMO-0014,,Online,Physical,Credit Card,0.00,,TM-TOTE
2026-09-15,Linen Market Tote,buyer15@example.com,2,34.00,,,0.00,0.00,0.00,0.00,68.00,USD,TXN-0015-1,LIST-TM-TOTE,2026-09-15,2026-09-15,Buyer 15,123 Market St,Austin,TX,78701,United States,TM-DEMO-0015,,Online,Physical,Credit Card,0.00,,TM-TOTE
2026-09-15,Minimalist Ring Cone,buyer15@example.com,1,19.00,,,0.00,0.00,0.00,0.00,19.00,USD,TXN-0015-2,LIST-TM-CONE,2026-09-15,2026-09-15,Buyer 15,123 Market St,Austin,TX,78701,United States,TM-DEMO-0015,,Online,Physical,Credit Card,0.00,,TM-CONE
2026-09-16,Tea Towel Set,buyer16@example.com,1,28.00,,,0.00,0.00,4.95,0.00,28.00,USD,TXN-0016-1,LIST-TM-TOWEL,2026-09-16,2026-09-16,Buyer 16,123 Market St,Austin,TX,78701,United States,TM-DEMO-0016,,Online,Physical,Credit Card,0.00,,TM-TOWEL
2026-09-17,Custom Pet Portrait,buyer17@example.com,1,65.00,,,0.00,0.00,0.00,0.00,65.00,USD,TXN-0017-1,LIST-TM-PET,2026-09-17,2026-09-17,Buyer 17,123 Market St,Austin,TX,78701,United States,TM-DEMO-0017,,Online,Physical,Credit Card,0.00,,TM-PET
2026-09-18,Tea Towel Set,buyer18@example.com,1,28.00,,,0.00,0.00,0.00,0.00,28.00,USD,TXN-0018-1,LIST-TM-TOWEL,2026-09-18,2026-09-18,Buyer 18,123 Market St,Austin,TX,78701,United States,TM-DEMO-0018,,Online,Physical,Credit Card,0.00,,TM-TOWEL
2026-09-18,Wildflower Print,buyer18@example.com,1,18.00,,,0.00,0.00,0.00,0.00,18.00,USD,TXN-0018-2,LIST-TM-PRINT,2026-09-18,2026-09-18,Buyer 18,123 Market St,Austin,TX,78701,United States,TM-DEMO-0018,,Online,Physical,Credit Card,0.00,,TM-PRINT
2026-09-19,Wildflower Print,buyer19@example.com,1,18.00,,,0.00,0.00,0.00,0.00,18.00,USD,TXN-0019-1,LIST-TM-PRINT,2026-09-19,2026-09-19,Buyer 19,123 Market St,Austin,TX,78701,United States,TM-DEMO-0019,,Online,Physical,Credit Card,0.00,,TM-PRINT
2026-09-19,Tea Towel Set,buyer19@example.com,1,28.00,,,0.00,0.00,0.00,0.00,28.00,USD,TXN-0019-2,LIST-TM-TOWEL,2026-09-19,2026-09-19,Buyer 19,123 Market St,Austin,TX,78701,United States,TM-DEMO-0019,,Online,Physical,Credit Card,0.00,,TM-TOWEL
2026-09-20,Lavender Soap Bar,buyer20@example.com,2,10.00,,,0.00,0.00,0.00,0.00,20.00,USD,TXN-0020-1,LIST-TM-SOAP,2026-09-20,2026-09-20,Buyer 20,123 Market St,Austin,TX,78701,United States,TM-DEMO-0020,,Online,Physical,Credit Card,0.00,,TM-SOAP
2026-09-20,Oak Desk Tray,buyer20@example.com,1,42.00,,,0.00,0.00,0.00,0.00,42.00,USD,TXN-0020-2,LIST-TM-TRAY,2026-09-20,2026-09-20,Buyer 20,123 Market St,Austin,TX,78701,United States,TM-DEMO-0020,,Online,Physical,Credit Card,0.00,,TM-TRAY
2026-09-21,Lavender Soap Bar,buyer21@example.com,1,10.00,,,0.00,0.00,0.00,0.00,10.00,USD,TXN-0021-1,LIST-TM-SOAP,2026-09-21,2026-09-21,Buyer 21,123 Market St,Austin,TX,78701,United States,TM-DEMO-0021,,Online,Physical,Credit Card,0.00,,TM-SOAP
2026-09-21,Oak Desk Tray,buyer21@example.com,1,42.00,,,0.00,0.00,0.00,0.00,42.00,USD,TXN-0021-2,LIST-TM-TRAY,2026-09-21,2026-09-21,Buyer 21,123 Market St,Austin,TX,78701,United States,TM-DEMO-0021,,Online,Physical,Credit Card,0.00,,TM-TRAY
2026-09-22,Moon Phase Poster,buyer22@example.com,2,30.00,,,0.00,0.00,0.00,0.00,60.00,USD,TXN-0022-1,LIST-TM-POSTER,2026-09-22,2026-09-22,Buyer 22,123 Market St,Austin,TX,78701,United States,TM-DEMO-0022,,Online,Physical,Credit Card,0.00,,TM-POSTER
2026-09-22,Linen Market Tote,buyer22@example.com,1,34.00,,,0.00,0.00,0.00,0.00,34.00,USD,TXN-0022-2,LIST-TM-TOTE,2026-09-22,2026-09-22,Buyer 22,123 Market St,Austin,TX,78701,United States,TM-DEMO-0022,,Online,Physical,Credit Card,0.00,,TM-TOTE
2026-09-22,Clay Trinket Dish,buyer22@example.com,1,26.00,,,0.00,0.00,0.00,0.00,26.00,USD,TXN-0022-3,LIST-TM-DISH,2026-09-22,2026-09-22,Buyer 22,123 Market St,Austin,TX,78701,United States,TM-DEMO-0022,,Online,Physical,Credit Card,0.00,,TM-DISH
2026-09-23,Botanical Bookmark,buyer23@example.com,1,12.00,,,0.00,0.00,4.95,0.00,12.00,USD,TXN-0023-1,LIST-TM-BOOKMARK,2026-09-23,2026-09-23,Buyer 23,123 Market St,Austin,TX,78701,United States,TM-DEMO-0023,,Online,Physical,Credit Card,0.00,,TM-BOOKMARK
2026-09-24,Oak Desk Tray,buyer24@example.com,1,42.00,,,0.00,0.00,0.00,0.00,42.00,USD,TXN-0024-1,LIST-TM-TRAY,2026-09-24,2026-09-24,Buyer 24,123 Market St,Austin,TX,78701,United States,TM-DEMO-0024,,Online,Physical,Credit Card,0.00,,TM-TRAY
2026-09-24,Minimalist Ring Cone,buyer24@example.com,1,19.00,,,0.00,0.00,0.00,0.00,19.00,USD,TXN-0024-2,LIST-TM-CONE,2026-09-24,2026-09-24,Buyer 24,123 Market St,Austin,TX,78701,United States,TM-DEMO-0024,,Online,Physical,Credit Card,0.00,,TM-CONE
2026-09-24,Sunset Sticker Pack,buyer24@example.com,1,8.00,,,0.00,0.00,0.00,0.00,8.00,USD,TXN-0024-3,LIST-TM-STICKER,2026-09-24,2026-09-24,Buyer 24,123 Market St,Austin,TX,78701,United States,TM-DEMO-0024,,Online,Physical,Credit Card,0.00,,TM-STICKER
2026-09-25,Clay Trinket Dish,buyer25@example.com,1,26.00,,,0.00,0.00,4.95,0.00,26.00,USD,TXN-0025-1,LIST-TM-DISH,2026-09-25,2026-09-25,Buyer 25,123 Market St,Austin,TX,78701,United States,TM-DEMO-0025,,Online,Physical,Credit Card,0.00,,TM-DISH
2026-09-26,Botanical Bookmark,buyer26@example.com,1,12.00,,,0.00,0.00,4.95,0.00,12.00,USD,TXN-0026-1,LIST-TM-BOOKMARK,2026-09-26,2026-09-26,Buyer 26,123 Market St,Austin,TX,78701,United States,TM-DEMO-0026,,Online,Physical,Credit Card,0.00,,TM-BOOKMARK
2026-09-27,Tea Towel Set,buyer27@example.com,1,28.00,,,0.00,0.00,4.95,0.00,28.00,USD,TXN-0027-1,LIST-TM-TOWEL,2026-09-27,2026-09-27,Buyer 27,123 Market St,Austin,TX,78701,United States,TM-DEMO-0027,,Online,Physical,Credit Card,0.00,,TM-TOWEL
2026-09-28,Gift Card,buyer28@example.com,1,25.00,,,0.00,0.00,0.00,0.00,25.00,USD,TXN-0028-1,LIST-TM-GIFT,2026-09-28,2026-09-28,Buyer 28,123 Market St,Austin,TX,78701,United States,TM-DEMO-0028,,Online,Physical,Credit Card,0.00,,TM-GIFT
2026-09-28,Gift Card,buyer28@example.com,1,25.00,,,0.00,0.00,0.00,0.00,25.00,USD,TXN-0028-2,LIST-TM-GIFT,2026-09-28,2026-09-28,Buyer 28,123 Market St,Austin,TX,78701,United States,TM-DEMO-0028,,Online,Physical,Credit Card,0.00,,TM-GIFT
2026-09-01,Oak Desk Tray,buyer29@example.com,1,42.00,,,0.00,0.00,4.95,0.00,42.00,USD,TXN-0029-1,LIST-TM-TRAY,2026-09-01,2026-09-01,Buyer 29,123 Market St,Austin,TX,78701,United States,TM-DEMO-0029,,Online,Physical,Credit Card,0.00,,TM-TRAY
2026-09-02,Cedar & Sage Candle,buyer30@example.com,1,22.00,,,0.00,0.00,0.00,0.00,22.00,USD,TXN-0030-1,LIST-TM-CANDLE,2026-09-02,2026-09-02,Buyer 30,123 Market St,Austin,TX,78701,United States,TM-DEMO-0030,,Online,Physical,Credit Card,0.00,,TM-CANDLE
2026-09-02,Tea Towel Set,buyer30@example.com,1,28.00,,,0.00,0.00,0.00,0.00,28.00,USD,TXN-0030-2,LIST-TM-TOWEL,2026-09-02,2026-09-02,Buyer 30,123 Market St,Austin,TX,78701,United States,TM-DEMO-0030,,Online,Physical,Credit Card,0.00,,TM-TOWEL
2026-09-03,Minimalist Ring Cone,buyer31@example.com,1,19.00,,,0.00,0.00,4.95,0.00,19.00,USD,TXN-0031-1,LIST-TM-CONE,2026-09-03,2026-09-03,Buyer 31,123 Market St,Austin,TX,78701,United States,TM-DEMO-0031,,Online,Physical,Credit Card,0.00,,TM-CONE
2026-09-04,Cedar & Sage Candle,buyer32@example.com,1,22.00,,,0.00,0.00,0.00,0.00,22.00,USD,TXN-0032-1,LIST-TM-CANDLE,2026-09-04,2026-09-04,Buyer 32,123 Market St,Austin,TX,78701,United States,TM-DEMO-0032,,Online,Physical,Credit Card,0.00,,TM-CANDLE
2026-09-04,Oak Desk Tray,buyer32@example.com,1,42.00,,,0.00,0.00,0.00,0.00,42.00,USD,TXN-0032-2,LIST-TM-TRAY,2026-09-04,2026-09-04,Buyer 32,123 Market St,Austin,TX,78701,United States,TM-DEMO-0032,,Online,Physical,Credit Card,0.00,,TM-TRAY
2026-09-05,Linen Market Tote,buyer33@example.com,1,34.00,,,0.00,0.00,0.00,0.00,34.00,USD,TXN-0033-1,LIST-TM-TOTE,2026-09-05,2026-09-05,Buyer 33,123 Market St,Austin,TX,78701,United States,TM-DEMO-0033,,Online,Physical,Credit Card,0.00,,TM-TOTE
2026-09-05,Gift Card,buyer33@example.com,1,25.00,,,0.00,0.00,0.00,0.00,25.00,USD,TXN-0033-2,LIST-TM-GIFT,2026-09-05,2026-09-05,Buyer 33,123 Market St,Austin,TX,78701,United States,TM-DEMO-0033,,Online,Physical,Credit Card,0.00,,TM-GIFT
2026-09-06,Linen Market Tote,buyer34@example.com,1,34.00,,,0.00,0.00,4.95,0.00,34.00,USD,TXN-0034-1,LIST-TM-TOTE,2026-09-06,2026-09-06,Buyer 34,123 Market St,Austin,TX,78701,United States,TM-DEMO-0034,,Online,Physical,Credit Card,0.00,,TM-TOTE
2026-09-07,Sunset Sticker Pack,buyer35@example.com,2,8.00,,,0.00,0.00,0.00,0.00,16.00,USD,TXN-0035-1,LIST-TM-STICKER,2026-09-07,2026-09-07,Buyer 35,123 Market St,Austin,TX,78701,United States,TM-DEMO-0035,,Online,Physical,Credit Card,0.00,,TM-STICKER
2026-09-07,Cedar & Sage Candle,buyer35@example.com,1,22.00,,,0.00,0.00,0.00,0.00,22.00,USD,TXN-0035-2,LIST-TM-CANDLE,2026-09-07,2026-09-07,Buyer 35,123 Market St,Austin,TX,78701,United States,TM-DEMO-0035,,Online,Physical,Credit Card,0.00,,TM-CANDLE
2026-09-07,Oak Desk Tray,buyer35@example.com,1,42.00,,,0.00,0.00,0.00,0.00,42.00,USD,TXN-0035-3,LIST-TM-TRAY,2026-09-07,2026-09-07,Buyer 35,123 Market St,Austin,TX,78701,United States,TM-DEMO-0035,,Online,Physical,Credit Card,0.00,,TM-TRAY
2026-09-08,Botanical Bookmark,buyer36@example.com,1,12.00,,,0.00,0.00,4.95,0.00,12.00,USD,TXN-0036-1,LIST-TM-BOOKMARK,2026-09-08,2026-09-08,Buyer 36,123 Market St,Austin,TX,78701,United States,TM-DEMO-0036,,Online,Physical,Credit Card,0.00,,TM-BOOKMARK
2026-09-08,Lavender Soap Bar,buyer36@example.com,1,10.00,,,0.00,0.00,0.00,0.00,10.00,USD,TXN-0036-2,LIST-TM-SOAP,2026-09-08,2026-09-08,Buyer 36,123 Market St,Austin,TX,78701,United States,TM-DEMO-0036,,Online,Physical,Credit Card,0.00,,TM-SOAP
2026-09-09,Monogram Keychain,buyer37@example.com,1,16.00,,,0.00,0.00,4.95,0.00,16.00,USD,TXN-0037-1,LIST-TM-KEY,2026-09-09,2026-09-09,Buyer 37,123 Market St,Austin,TX,78701,United States,TM-DEMO-0037,,Online,Physical,Credit Card,0.00,,TM-KEY
2026-09-09,Botanical Bookmark,buyer37@example.com,1,12.00,,,0.00,0.00,0.00,0.00,12.00,USD,TXN-0037-2,LIST-TM-BOOKMARK,2026-09-09,2026-09-09,Buyer 37,123 Market St,Austin,TX,78701,United States,TM-DEMO-0037,,Online,Physical,Credit Card,0.00,,TM-BOOKMARK
2026-09-10,Sunset Sticker Pack,buyer1@example.com,1,8.00,,,0.00,0.00,4.95,0.00,8.00,USD,TXN-0038-1,LIST-TM-STICKER,2026-09-10,2026-09-10,Buyer 1,123 Market St,Austin,TX,78701,United States,TM-DEMO-0038,,Online,Physical,Credit Card,0.00,,TM-STICKER
2026-09-11,Monogram Keychain,buyer2@example.com,2,16.00,,,0.00,0.00,0.00,0.00,32.00,USD,TXN-0039-1,LIST-TM-KEY,2026-09-11,2026-09-11,Buyer 2,123 Market St,Austin,TX,78701,United States,TM-DEMO-0039,,Online,Physical,Credit Card,0.00,,TM-KEY
2026-09-11,Moon Phase Poster,buyer2@example.com,1,30.00,,,0.00,0.00,0.00,0.00,30.00,USD,TXN-0039-2,LIST-TM-POSTER,2026-09-11,2026-09-11,Buyer 2,123 Market St,Austin,TX,78701,United States,TM-DEMO-0039,,Online,Physical,Credit Card,0.00,,TM-POSTER
2026-09-12,Wildflower Print,buyer3@example.com,1,18.00,,,0.00,0.00,4.95,0.00,18.00,USD,TXN-0040-1,LIST-TM-PRINT,2026-09-12,2026-09-12,Buyer 3,123 Market St,Austin,TX,78701,United States,TM-DEMO-0040,,Online,Physical,Credit Card,0.00,,TM-PRINT
2026-09-13,Custom Pet Portrait,buyer4@example.com,2,65.00,,,0.00,0.00,0.00,0.00,130.00,USD,TXN-0041-1,LIST-TM-PET,2026-09-13,2026-09-13,Buyer 4,123 Market St,Austin,TX,78701,United States,TM-DEMO-0041,,Online,Physical,Credit Card,0.00,,TM-PET
2026-09-13,Tea Towel Set,buyer4@example.com,1,28.00,,,0.00,0.00,0.00,0.00,28.00,USD,TXN-0041-2,LIST-TM-TOWEL,2026-09-13,2026-09-13,Buyer 4,123 Market St,Austin,TX,78701,United States,TM-DEMO-0041,,Online,Physical,Credit Card,0.00,,TM-TOWEL
2026-09-14,Clay Trinket Dish,buyer5@example.com,1,26.00,,,0.00,0.00,4.95,0.00,26.00,USD,TXN-0042-1,LIST-TM-DISH,2026-09-14,2026-09-14,Buyer 5,123 Market St,Austin,TX,78701,United States,TM-DEMO-0042,,Online,Physical,Credit Card,0.00,,TM-DISH
2026-09-15,Clay Trinket Dish,buyer6@example.com,1,26.00,,,0.00,0.00,0.00,0.00,26.00,USD,TXN-0043-1,LIST-TM-DISH,2026-09-15,2026-09-15,Buyer 6,123 Market St,Austin,TX,78701,United States,TM-DEMO-0043,,Online,Physical,Credit Card,0.00,,TM-DISH
2026-09-15,Custom Pet Portrait,buyer6@example.com,1,65.00,,,0.00,0.00,0.00,0.00,65.00,USD,TXN-0043-2,LIST-TM-PET,2026-09-15,2026-09-15,Buyer 6,123 Market St,Austin,TX,78701,United States,TM-DEMO-0043,,Online,Physical,Credit Card,0.00,,TM-PET
2026-09-15,Lavender Soap Bar,buyer6@example.com,1,10.00,,,0.00,0.00,0.00,0.00,10.00,USD,TXN-0043-3,LIST-TM-SOAP,2026-09-15,2026-09-15,Buyer 6,123 Market St,Austin,TX,78701,United States,TM-DEMO-0043,,Online,Physical,Credit Card,0.00,,TM-SOAP
2026-09-16,Custom Pet Portrait,buyer7@example.com,1,65.00,,,0.00,0.00,0.00,0.00,65.00,USD,TXN-0044-1,LIST-TM-PET,2026-09-16,2026-09-16,Buyer 7,123 Market St,Austin,TX,78701,United States,TM-DEMO-0044,,Online,Physical,Credit Card,0.00,,TM-PET
2026-09-17,Wildflower Print,buyer8@example.com,1,18.00,,,0.00,0.00,4.95,0.00,18.00,USD,TXN-0045-1,LIST-TM-PRINT,2026-09-17,2026-09-17,Buyer 8,123 Market St,Austin,TX,78701,United States,TM-DEMO-0045,,Online,Physical,Credit Card,0.00,,TM-PRINT
2026-09-18,Gift Card,buyer9@example.com,1,25.00,,,0.00,0.00,4.95,0.00,25.00,USD,TXN-0046-1,LIST-TM-GIFT,2026-09-18,2026-09-18,Buyer 9,123 Market St,Austin,TX,78701,United States,TM-DEMO-0046,,Online,Physical,Credit Card,0.00,,TM-GIFT
2026-09-19,Tea Towel Set,buyer10@example.com,1,28.00,,,0.00,0.00,4.95,0.00,28.00,USD,TXN-0047-1,LIST-TM-TOWEL,2026-09-19,2026-09-19,Buyer 10,123 Market St,Austin,TX,78701,United States,TM-DEMO-0047,,Online,Physical,Credit Card,0.00,,TM-TOWEL
2026-09-20,Clay Trinket Dish,buyer11@example.com,1,26.00,,,0.00,0.00,4.95,0.00,26.00,USD,TXN-0048-1,LIST-TM-DISH,2026-09-20,2026-09-20,Buyer 11,123 Market St,Austin,TX,78701,United States,TM-DEMO-0048,,Online,Physical,Credit Card,0.00,,TM-DISH
2026-09-21,Linen Market Tote,buyer12@example.com,1,34.00,,,0.00,0.00,0.00,0.00,34.00,USD,TXN-0049-1,LIST-TM-TOTE,2026-09-21,2026-09-21,Buyer 12,123 Market St,Austin,TX,78701,United States,TM-DEMO-0049,,Online,Physical,Credit Card,0.00,,TM-TOTE
2026-09-21,Botanical Bookmark,buyer12@example.com,1,12.00,,,0.00,0.00,0.00,0.00,12.00,USD,TXN-0049-2,LIST-TM-BOOKMARK,2026-09-21,2026-09-21,Buyer 12,123 Market St,Austin,TX,78701,United States,TM-DEMO-0049,,Online,Physical,Credit Card,0.00,,TM-BOOKMARK
2026-09-22,Custom Pet Portrait,buyer13@example.com,1,65.00,,,0.00,0.00,0.00,0.00,65.00,USD,TXN-0050-1,LIST-TM-PET,2026-09-22,2026-09-22,Buyer 13,123 Market St,Austin,TX,78701,United States,TM-DEMO-0050,,Online,Physical,Credit Card,0.00,,TM-PET
2026-09-23,Custom Pet Portrait,buyer14@example.com,1,65.00,,,0.00,0.00,0.00,0.00,65.00,USD,TXN-0051-1,LIST-TM-PET,2026-09-23,2026-09-23,Buyer 14,123 Market St,Austin,TX,78701,United States,TM-DEMO-0051,,Online,Physical,Credit Card,0.00,,TM-PET
2026-09-24,Pressed Flower Frame,buyer15@example.com,1,48.00,,,0.00,0.00,0.00,0.00,48.00,USD,TXN-0052-1,LIST-TM-FRAME,2026-09-24,2026-09-24,Buyer 15,123 Market St,Austin,TX,78701,United States,TM-DEMO-0052,,Online,Physical,Credit Card,0.00,,TM-FRAME
2026-09-24,Sunset Sticker Pack,buyer15@example.com,1,8.00,,,0.00,0.00,0.00,0.00,8.00,USD,TXN-0052-2,LIST-TM-STICKER,2026-09-24,2026-09-24,Buyer 15,123 Market St,Austin,TX,78701,United States,TM-DEMO-0052,,Online,Physical,Credit Card,0.00,,TM-STICKER
2026-09-24,Minimalist Ring Cone,buyer15@example.com,1,19.00,,,0.00,0.00,0.00,0.00,19.00,USD,TXN-0052-3,LIST-TM-CONE,2026-09-24,2026-09-24,Buyer 15,123 Market St,Austin,TX,78701,United States,TM-DEMO-0052,,Online,Physical,Credit Card,0.00,,TM-CONE
2026-09-25,Gift Card,buyer16@example.com,1,25.00,,,0.00,0.00,4.95,0.00,25.00,USD,TXN-0053-1,LIST-TM-GIFT,2026-09-25,2026-09-25,Buyer 16,123 Market St,Austin,TX,78701,United States,TM-DEMO-0053,,Online,Physical,Credit Card,0.00,,TM-GIFT
2026-09-26,Tea Towel Set,buyer17@example.com,2,28.00,,,0.00,0.00,0.00,0.00,56.00,USD,TXN-0054-1,LIST-TM-TOWEL,2026-09-26,2026-09-26,Buyer 17,123 Market St,Austin,TX,78701,United States,TM-DEMO-0054,,Online,Physical,Credit Card,0.00,,TM-TOWEL
2026-09-26,Monogram Keychain,buyer17@example.com,1,16.00,,,0.00,0.00,0.00,0.00,16.00,USD,TXN-0054-2,LIST-TM-KEY,2026-09-26,2026-09-26,Buyer 17,123 Market St,Austin,TX,78701,United States,TM-DEMO-0054,,Online,Physical,Credit Card,0.00,,TM-KEY
2026-09-27,Botanical Bookmark,buyer18@example.com,2,12.00,,,0.00,0.00,0.00,0.00,24.00,USD,TXN-0055-1,LIST-TM-BOOKMARK,2026-09-27,2026-09-27,Buyer 18,123 Market St,Austin,TX,78701,United States,TM-DEMO-0055,,Online,Physical,Credit Card,0.00,,TM-BOOKMARK
2026-09-27,Sunset Sticker Pack,buyer18@example.com,1,8.00,,,0.00,0.00,0.00,0.00,8.00,USD,TXN-0055-2,LIST-TM-STICKER,2026-09-27,2026-09-27,Buyer 18,123 Market St,Austin,TX,78701,United States,TM-DEMO-0055,,Online,Physical,Credit Card,0.00,,TM-STICKER
2026-09-27,Minimalist Ring Cone,buyer18@example.com,1,19.00,,,0.00,0.00,0.00,0.00,19.00,USD,TXN-0055-3,LIST-TM-CONE,2026-09-27,2026-09-27,Buyer 18,123 Market St,Austin,TX,78701,United States,TM-DEMO-0055,,Online,Physical,Credit Card,0.00,,TM-CONE
2026-09-28,Wildflower Print,buyer19@example.com,1,18.00,,,0.00,0.00,4.95,0.00,18.00,USD,TXN-0056-1,LIST-TM-PRINT,2026-09-28,2026-09-28,Buyer 19,123 Market St,Austin,TX,78701,United States,TM-DEMO-0056,,Online,Physical,Credit Card,0.00,,TM-PRINT
2026-09-28,Monogram Keychain,buyer19@example.com,1,16.00,,,0.00,0.00,0.00,0.00,16.00,USD,TXN-0056-2,LIST-TM-KEY,2026-09-28,2026-09-28,Buyer 19,123 Market St,Austin,TX,78701,United States,TM-DEMO-0056,,Online,Physical,Credit Card,0.00,,TM-KEY
2026-09-28,Sunset Sticker Pack,buyer19@example.com,1,8.00,,,0.00,0.00,0.00,0.00,8.00,USD,TXN-0056-3,LIST-TM-STICKER,2026-09-28,2026-09-28,Buyer 19,123 Market St,Austin,TX,78701,United States,TM-DEMO-0056,,Online,Physical,Credit Card,0.00,,TM-STICKER
2026-09-01,Botanical Bookmark,buyer20@example.com,1,12.00,,,0.00,0.00,4.95,0.00,12.00,USD,TXN-0057-1,LIST-TM-BOOKMARK,2026-09-01,2026-09-01,Buyer 20,123 Market St,Austin,TX,78701,United States,TM-DEMO-0057,,Online,Physical,Credit Card,0.00,,TM-BOOKMARK
2026-09-02,Minimalist Ring Cone,buyer21@example.com,2,19.00,,,0.00,0.00,0.00,0.00,38.00,USD,TXN-0058-1,LIST-TM-CONE,2026-09-02,2026-09-02,Buyer 21,123 Market St,Austin,TX,78701,United States,TM-DEMO-0058,,Online,Physical,Credit Card,0.00,,TM-CONE
2026-09-02,Moon Phase Poster,buyer21@example.com,1,30.00,,,0.00,0.00,0.00,0.00,30.00,USD,TXN-0058-2,LIST-TM-POSTER,2026-09-02,2026-09-02,Buyer 21,123 Market St,Austin,TX,78701,United States,TM-DEMO-0058,,Online,Physical,Credit Card,0.00,,TM-POSTER
2026-09-03,Gift Card,buyer22@example.com,2,25.00,,,0.00,0.00,0.00,0.00,50.00,USD,TXN-0059-1,LIST-TM-GIFT,2026-09-03,2026-09-03,Buyer 22,123 Market St,Austin,TX,78701,United States,TM-DEMO-0059,,Online,Physical,Credit Card,0.00,,TM-GIFT
2026-09-03,Clay Trinket Dish,buyer22@example.com,1,26.00,,,0.00,0.00,0.00,0.00,26.00,USD,TXN-0059-2,LIST-TM-DISH,2026-09-03,2026-09-03,Buyer 22,123 Market St,Austin,TX,78701,United States,TM-DEMO-0059,,Online,Physical,Credit Card,0.00,,TM-DISH
2026-09-03,Moon Phase Poster,buyer22@example.com,1,30.00,,,0.00,0.00,0.00,0.00,30.00,USD,TXN-0059-3,LIST-TM-POSTER,2026-09-03,2026-09-03,Buyer 22,123 Market St,Austin,TX,78701,United States,TM-DEMO-0059,,Online,Physical,Credit Card,0.00,,TM-POSTER
2026-09-04,Sunset Sticker Pack,buyer23@example.com,1,8.00,,,0.00,0.00,4.95,0.00,8.00,USD,TXN-0060-1,LIST-TM-STICKER,2026-09-04,2026-09-04,Buyer 23,123 Market St,Austin,TX,78701,United States,TM-DEMO-0060,,Online,Physical,Credit Card,0.00,,TM-STICKER
2026-09-04,Cedar & Sage Candle,buyer23@example.com,1,22.00,,,0.00,0.00,0.00,0.00,22.00,USD,TXN-0060-2,LIST-TM-CANDLE,2026-09-04,2026-09-04,Buyer 23,123 Market St,Austin,TX,78701,United States,TM-DEMO-0060,,Online,Physical,Credit Card,0.00,,TM-CANDLE
2026-09-05,Cedar & Sage Candle,buyer24@example.com,2,22.00,,,0.00,0.00,0.00,0.00,44.00,USD,TXN-0061-1,LIST-TM-CANDLE,2026-09-05,2026-09-05,Buyer 24,123 Market St,Austin,TX,78701,United States,TM-DEMO-0061,,Online,Physical,Credit Card,0.00,,TM-CANDLE
2026-09-05,Wildflower Print,buyer24@example.com,1,18.00,,,0.00,0.00,0.00,0.00,18.00,USD,TXN-0061-2,LIST-TM-PRINT,2026-09-05,2026-09-05,Buyer 24,123 Market St,Austin,TX,78701,United States,TM-DEMO-0061,,Online,Physical,Credit Card,0.00,,TM-PRINT
2026-09-05,Tea Towel Set,buyer24@example.com,1,28.00,,,0.00,0.00,0.00,0.00,28.00,USD,TXN-0061-3,LIST-TM-TOWEL,2026-09-05,2026-09-05,Buyer 24,123 Market St,Austin,TX,78701,United States,TM-DEMO-0061,,Online,Physical,Credit Card,0.00,,TM-TOWEL
2026-09-06,Wildflower Print,buyer25@example.com,1,18.00,,,0.00,0.00,4.95,0.00,18.00,USD,TXN-0062-1,LIST-TM-PRINT,2026-09-06,2026-09-06,Buyer 25,123 Market St,Austin,TX,78701,United States,TM-DEMO-0062,,Online,Physical,Credit Card,0.00,,TM-PRINT
2026-09-06,Clay Trinket Dish,buyer25@example.com,1,26.00,,,0.00,0.00,0.00,0.00,26.00,USD,TXN-0062-2,LIST-TM-DISH,2026-09-06,2026-09-06,Buyer 25,123 Market St,Austin,TX,78701,United States,TM-DEMO-0062,,Online,Physical,Credit Card,0.00,,TM-DISH
2026-09-07,Monogram Keychain,buyer26@example.com,2,16.00,,,0.00,0.00,0.00,0.00,32.00,USD,TXN-0063-1,LIST-TM-KEY,2026-09-07,2026-09-07,Buyer 26,123 Market St,Austin,TX,78701,United States,TM-DEMO-0063,,Online,Physical,Credit Card,0.00,,TM-KEY
2026-09-07,Cedar & Sage Candle,buyer26@example.com,1,22.00,,,0.00,0.00,0.00,0.00,22.00,USD,TXN-0063-2,LIST-TM-CANDLE,2026-09-07,2026-09-07,Buyer 26,123 Market St,Austin,TX,78701,United States,TM-DEMO-0063,,Online,Physical,Credit Card,0.00,,TM-CANDLE
2026-09-08,Oak Desk Tray,buyer27@example.com,1,42.00,,,0.00,0.00,4.95,0.00,42.00,USD,TXN-0064-1,LIST-TM-TRAY,2026-09-08,2026-09-08,Buyer 27,123 Market St,Austin,TX,78701,United States,TM-DEMO-0064,,Online,Physical,Credit Card,0.00,,TM-TRAY
2026-09-09,Lavender Soap Bar,buyer28@example.com,2,10.00,,,0.00,0.00,0.00,0.00,20.00,USD,TXN-0065-1,LIST-TM-SOAP,2026-09-09,2026-09-09,Buyer 28,123 Market St,Austin,TX,78701,United States,TM-DEMO-0065,,Online,Physical,Credit Card,0.00,,TM-SOAP
2026-09-09,Linen Market Tote,buyer28@example.com,1,34.00,,,0.00,0.00,0.00,0.00,34.00,USD,TXN-0065-2,LIST-TM-TOTE,2026-09-09,2026-09-09,Buyer 28,123 Market St,Austin,TX,78701,United States,TM-DEMO-0065,,Online,Physical,Credit Card,0.00,,TM-TOTE
2026-09-10,Lavender Soap Bar,buyer29@example.com,1,10.00,,,0.00,0.00,4.95,0.00,10.00,USD,TXN-0066-1,LIST-TM-SOAP,2026-09-10,2026-09-10,Buyer 29,123 Market St,Austin,TX,78701,United States,TM-DEMO-0066,,Online,Physical,Credit Card,0.00,,TM-SOAP
2026-09-11,Botanical Bookmark,buyer30@example.com,2,12.00,,,0.00,0.00,4.95,0.00,24.00,USD,TXN-0067-1,LIST-TM-BOOKMARK,2026-09-11,2026-09-11,Buyer 30,123 Market St,Austin,TX,78701,United States,TM-DEMO-0067,,Online,Physical,Credit Card,0.00,,TM-BOOKMARK
2026-09-11,Botanical Bookmark,buyer30@example.com,1,12.00,,,0.00,0.00,0.00,0.00,12.00,USD,TXN-0067-2,LIST-TM-BOOKMARK,2026-09-11,2026-09-11,Buyer 30,123 Market St,Austin,TX,78701,United States,TM-DEMO-0067,,Online,Physical,Credit Card,0.00,,TM-BOOKMARK
2026-09-12,Wildflower Print,buyer31@example.com,1,18.00,,,0.00,0.00,4.95,0.00,18.00,USD,TXN-0068-1,LIST-TM-PRINT,2026-09-12,2026-09-12,Buyer 31,123 Market St,Austin,TX,78701,United States,TM-DEMO-0068,,Online,Physical,Credit Card,0.00,,TM-PRINT
2026-09-12,Cedar & Sage Candle,buyer31@example.com,1,22.00,,,0.00,0.00,0.00,0.00,22.00,USD,TXN-0068-2,LIST-TM-CANDLE,2026-09-12,2026-09-12,Buyer 31,123 Market St,Austin,TX,78701,United States,TM-DEMO-0068,,Online,Physical,Credit Card,0.00,,TM-CANDLE
2026-09-13,Gift Card,buyer32@example.com,1,25.00,,,0.00,0.00,4.95,0.00,25.00,USD,TXN-0069-1,LIST-TM-GIFT,2026-09-13,2026-09-13,Buyer 32,123 Market St,Austin,TX,78701,United States,TM-DEMO-0069,,Online,Physical,Credit Card,0.00,,TM-GIFT
2026-09-14,Custom Pet Portrait,buyer33@example.com,1,65.00,,,0.00,0.00,0.00,0.00,65.00,USD,TXN-0070-1,LIST-TM-PET,2026-09-14,2026-09-14,Buyer 33,123 Market St,Austin,TX,78701,United States,TM-DEMO-0070,,Online,Physical,Credit Card,0.00,,TM-PET
2026-09-15,Custom Pet Portrait,buyer34@example.com,1,65.00,,,0.00,0.00,0.00,0.00,65.00,USD,TXN-0071-1,LIST-TM-PET,2026-09-15,2026-09-15,Buyer 34,123 Market St,Austin,TX,78701,United States,TM-DEMO-0071,,Online,Physical,Credit Card,0.00,,TM-PET
2026-09-16,Tea Towel Set,buyer35@example.com,2,28.00,,,0.00,0.00,0.00,0.00,56.00,USD,TXN-0072-1,LIST-TM-TOWEL,2026-09-16,2026-09-16,Buyer 35,123 Market St,Austin,TX,78701,United States,TM-DEMO-0072,,Online,Physical,Credit Card,0.00,,TM-TOWEL
2026-09-16,Clay Trinket Dish,buyer35@example.com,1,26.00,,,0.00,0.00,0.00,0.00,26.00,USD,TXN-0072-2,LIST-TM-DISH,2026-09-16,2026-09-16,Buyer 35,123 Market St,Austin,TX,78701,United States,TM-DEMO-0072,,Online,Physical,Credit Card,0.00,,TM-DISH
2026-09-17,Moon Phase Poster,buyer36@example.com,1,30.00,,,0.00,0.00,4.95,0.00,30.00,USD,TXN-0073-1,LIST-TM-POSTER,2026-09-17,2026-09-17,Buyer 36,123 Market St,Austin,TX,78701,United States,TM-DEMO-0073,,Online,Physical,Credit Card,0.00,,TM-POSTER
2026-09-18,Clay Trinket Dish,buyer37@example.com,1,26.00,,,0.00,0.00,4.95,0.00,26.00,USD,TXN-0074-1,LIST-TM-DISH,2026-09-18,2026-09-18,Buyer 37,123 Market St,Austin,TX,78701,United States,TM-DEMO-0074,,Online,Physical,Credit Card,0.00,,TM-DISH
2026-09-19,Sunset Sticker Pack,buyer1@example.com,1,8.00,,,0.00,0.00,4.95,0.00,8.00,USD,TXN-0075-1,LIST-TM-STICKER,2026-09-19,2026-09-19,Buyer 1,123 Market St,Austin,TX,78701,United States,TM-DEMO-0075,,Online,Physical,Credit Card,0.00,,TM-STICKER
2026-09-20,Minimalist Ring Cone,buyer2@example.com,1,19.00,,,0.00,0.00,0.00,0.00,19.00,USD,TXN-0076-1,LIST-TM-CONE,2026-09-20,2026-09-20,Buyer 2,123 Market St,Austin,TX,78701,United States,TM-DEMO-0076,,Online,Physical,Credit Card,0.00,,TM-CONE
2026-09-20,Tea Towel Set,buyer2@example.com,1,28.00,,,0.00,0.00,0.00,0.00,28.00,USD,TXN-0076-2,LIST-TM-TOWEL,2026-09-20,2026-09-20,Buyer 2,123 Market St,Austin,TX,78701,United States,TM-DEMO-0076,,Online,Physical,Credit Card,0.00,,TM-TOWEL
2026-09-20,Monogram Keychain,buyer2@example.com,1,16.00,,,0.00,0.00,0.00,0.00,16.00,USD,TXN-0076-3,LIST-TM-KEY,2026-09-20,2026-09-20,Buyer 2,123 Market St,Austin,TX,78701,United States,TM-DEMO-0076,,Online,Physical,Credit Card,0.00,,TM-KEY
2026-09-21,Tea Towel Set,buyer3@example.com,1,28.00,,,0.00,0.00,4.95,0.00,28.00,USD,TXN-0077-1,LIST-TM-TOWEL,2026-09-21,2026-09-21,Buyer 3,123 Market St,Austin,TX,78701,United States,TM-DEMO-0077,,Online,Physical,Credit Card,0.00,,TM-TOWEL
2026-09-22,Moon Phase Poster,buyer4@example.com,2,30.00,,,0.00,0.00,0.00,0.00,60.00,USD,TXN-0078-1,LIST-TM-POSTER,2026-09-22,2026-09-22,Buyer 4,123 Market St,Austin,TX,78701,United States,TM-DEMO-0078,,Online,Physical,Credit Card,0.00,,TM-POSTER
2026-09-22,Minimalist Ring Cone,buyer4@example.com,1,19.00,,,0.00,0.00,0.00,0.00,19.00,USD,TXN-0078-2,LIST-TM-CONE,2026-09-22,2026-09-22,Buyer 4,123 Market St,Austin,TX,78701,United States,TM-DEMO-0078,,Online,Physical,Credit Card,0.00,,TM-CONE
2026-09-23,Clay Trinket Dish,buyer5@example.com,2,26.00,,,0.00,0.00,0.00,0.00,52.00,USD,TXN-0079-1,LIST-TM-DISH,2026-09-23,2026-09-23,Buyer 5,123 Market St,Austin,TX,78701,United States,TM-DEMO-0079,,Online,Physical,Credit Card,0.00,,TM-DISH
2026-09-23,Linen Market Tote,buyer5@example.com,1,34.00,,,0.00,0.00,0.00,0.00,34.00,USD,TXN-0079-2,LIST-TM-TOTE,2026-09-23,2026-09-23,Buyer 5,123 Market St,Austin,TX,78701,United States,TM-DEMO-0079,,Online,Physical,Credit Card,0.00,,TM-TOTE
2026-09-24,Botanical Bookmark,buyer6@example.com,1,12.00,,,0.00,0.00,4.95,0.00,12.00,USD,TXN-0080-1,LIST-TM-BOOKMARK,2026-09-24,2026-09-24,Buyer 6,123 Market St,Austin,TX,78701,United States,TM-DEMO-0080,,Online,Physical,Credit Card,0.00,,TM-BOOKMARK
2026-09-25,Minimalist Ring Cone,buyer7@example.com,1,19.00,,,0.00,0.00,4.95,0.00,19.00,USD,TXN-0081-1,LIST-TM-CONE,2026-09-25,2026-09-25,Buyer 7,123 Market St,Austin,TX,78701,United States,TM-DEMO-0081,,Online,Physical,Credit Card,0.00,,TM-CONE
2026-09-26,Wildflower Print,buyer8@example.com,1,18.00,,,0.00,0.00,4.95,0.00,18.00,USD,TXN-0082-1,LIST-TM-PRINT,2026-09-26,2026-09-26,Buyer 8,123 Market St,Austin,TX,78701,United States,TM-DEMO-0082,,Online,Physical,Credit Card,0.00,,TM-PRINT
2026-09-27,Linen Market Tote,buyer9@example.com,2,34.00,,,0.00,0.00,0.00,0.00,68.00,USD,TXN-0083-1,LIST-TM-TOTE,2026-09-27,2026-09-27,Buyer 9,123 Market St,Austin,TX,78701,United States,TM-DEMO-0083,,Online,Physical,Credit Card,0.00,,TM-TOTE
2026-09-27,Moon Phase Poster,buyer9@example.com,1,30.00,,,0.00,0.00,0.00,0.00,30.00,USD,TXN-0083-2,LIST-TM-POSTER,2026-09-27,2026-09-27,Buyer 9,123 Market St,Austin,TX,78701,United States,TM-DEMO-0083,,Online,Physical,Credit Card,0.00,,TM-POSTER
2026-09-27,Sunset Sticker Pack,buyer9@example.com,1,8.00,,,0.00,0.00,0.00,0.00,8.00,USD,TXN-0083-3,LIST-TM-STICKER,2026-09-27,2026-09-27,Buyer 9,123 Market St,Austin,TX,78701,United States,TM-DEMO-0083,,Online,Physical,Credit Card,0.00,,TM-STICKER
2026-09-28,Wildflower Print,buyer10@example.com,2,18.00,,,0.00,0.00,0.00,0.00,36.00,USD,TXN-0084-1,LIST-TM-PRINT,2026-09-28,2026-09-28,Buyer 10,123 Market St,Austin,TX,78701,United States,TM-DEMO-0084,,Online,Physical,Credit Card,0.00,,TM-PRINT
2026-09-28,Gift Card,buyer10@example.com,1,25.00,,,0.00,0.00,0.00,0.00,25.00,USD,TXN-0084-2,LIST-TM-GIFT,2026-09-28,2026-09-28,Buyer 10,123 Market St,Austin,TX,78701,United States,TM-DEMO-0084,,Online,Physical,Credit Card,0.00,,TM-GIFT
2026-09-28,Minimalist Ring Cone,buyer10@example.com,1,19.00,,,0.00,0.00,0.00,0.00,19.00,USD,TXN-0084-3,LIST-TM-CONE,2026-09-28,2026-09-28,Buyer 10,123 Market St,Austin,TX,78701,United States,TM-DEMO-0084,,Online,Physical,Credit Card,0.00,,TM-CONE
2026-09-01,Wildflower Print,buyer11@example.com,1,18.00,,,0.00,0.00,4.95,0.00,18.00,USD,TXN-0085-1,LIST-TM-PRINT,2026-09-01,2026-09-01,Buyer 11,123 Market St,Austin,TX,78701,United States,TM-DEMO-0085,,Online,Physical,Credit Card,0.00,,TM-PRINT
2026-09-02,Clay Trinket Dish,buyer12@example.com,1,26.00,,,0.00,0.00,4.95,0.00,26.00,USD,TXN-0086-1,LIST-TM-DISH,2026-09-02,2026-09-02,Buyer 12,123 Market St,Austin,TX,78701,United States,TM-DEMO-0086,,Online,Physical,Credit Card,0.00,,TM-DISH
2026-09-03,Lavender Soap Bar,buyer13@example.com,2,10.00,,,0.00,0.00,4.95,0.00,20.00,USD,TXN-0087-1,LIST-TM-SOAP,2026-09-03,2026-09-03,Buyer 13,123 Market St,Austin,TX,78701,United States,TM-DEMO-0087,,Online,Physical,Credit Card,0.00,,TM-SOAP
2026-09-03,Monogram Keychain,buyer13@example.com,1,16.00,,,0.00,0.00,0.00,0.00,16.00,USD,TXN-0087-2,LIST-TM-KEY,2026-09-03,2026-09-03,Buyer 13,123 Market St,Austin,TX,78701,United States,TM-DEMO-0087,,Online,Physical,Credit Card,0.00,,TM-KEY
2026-09-04,Cedar & Sage Candle,buyer14@example.com,1,22.00,,,0.00,0.00,4.95,0.00,22.00,USD,TXN-0088-1,LIST-TM-CANDLE,2026-09-04,2026-09-04,Buyer 14,123 Market St,Austin,TX,78701,United States,TM-DEMO-0088,,Online,Physical,Credit Card,0.00,,TM-CANDLE
2026-09-05,Lavender Soap Bar,buyer15@example.com,1,10.00,,,0.00,0.00,4.95,0.00,10.00,USD,TXN-0089-1,LIST-TM-SOAP,2026-09-05,2026-09-05,Buyer 15,123 Market St,Austin,TX,78701,United States,TM-DEMO-0089,,Online,Physical,Credit Card,0.00,,TM-SOAP
2026-09-05,Botanical Bookmark,buyer15@example.com,1,12.00,,,0.00,0.00,0.00,0.00,12.00,USD,TXN-0089-2,LIST-TM-BOOKMARK,2026-09-05,2026-09-05,Buyer 15,123 Market St,Austin,TX,78701,United States,TM-DEMO-0089,,Online,Physical,Credit Card,0.00,,TM-BOOKMARK
2026-09-05,Monogram Keychain,buyer15@example.com,1,16.00,,,0.00,0.00,0.00,0.00,16.00,USD,TXN-0089-3,LIST-TM-KEY,2026-09-05,2026-09-05,Buyer 15,123 Market St,Austin,TX,78701,United States,TM-DEMO-0089,,Online,Physical,Credit Card,0.00,,TM-KEY
2026-09-06,Linen Market Tote,buyer16@example.com,1,34.00,,,0.00,0.00,4.95,0.00,34.00,USD,TXN-0090-1,LIST-TM-TOTE,2026-09-06,2026-09-06,Buyer 16,123 Market St,Austin,TX,78701,United States,TM-DEMO-0090,,Online,Physical,Credit Card,0.00,,TM-TOTE
2026-09-07,Cedar & Sage Candle,buyer17@example.com,1,22.00,,,0.00,0.00,4.95,0.00,22.00,USD,TXN-0091-1,LIST-TM-CANDLE,2026-09-07,2026-09-07,Buyer 17,123 Market St,Austin,TX,78701,United States,TM-DEMO-0091,,Online,Physical,Credit Card,0.00,,TM-CANDLE
2026-09-08,Botanical Bookmark,buyer18@example.com,1,12.00,,,0.00,0.00,4.95,0.00,12.00,USD,TXN-0092-1,LIST-TM-BOOKMARK,2026-09-08,2026-09-08,Buyer 18,123 Market St,Austin,TX,78701,United States,TM-DEMO-0092,,Online,Physical,Credit Card,0.00,,TM-BOOKMARK
2026-09-09,Pressed Flower Frame,buyer19@example.com,1,48.00,,,0.00,0.00,0.00,0.00,48.00,USD,TXN-0093-1,LIST-TM-FRAME,2026-09-09,2026-09-09,Buyer 19,123 Market St,Austin,TX,78701,United States,TM-DEMO-0093,,Online,Physical,Credit Card,0.00,,TM-FRAME
2026-09-10,Moon Phase Poster,buyer20@example.com,1,30.00,,,0.00,0.00,4.95,0.00,30.00,USD,TXN-0094-1,LIST-TM-POSTER,2026-09-10,2026-09-10,Buyer 20,123 Market St,Austin,TX,78701,United States,TM-DEMO-0094,,Online,Physical,Credit Card,0.00,,TM-POSTER
2026-09-11,Sunset Sticker Pack,buyer21@example.com,1,8.00,,,0.00,0.00,4.95,0.00,8.00,USD,TXN-0095-1,LIST-TM-STICKER,2026-09-11,2026-09-11,Buyer 21,123 Market St,Austin,TX,78701,United States,TM-DEMO-0095,,Online,Physical,Credit Card,0.00,,TM-STICKER
2026-09-11,Clay Trinket Dish,buyer21@example.com,1,26.00,,,0.00,0.00,0.00,0.00,26.00,USD,TXN-0095-2,LIST-TM-DISH,2026-09-11,2026-09-11,Buyer 21,123 Market St,Austin,TX,78701,United States,TM-DEMO-0095,,Online,Physical,Credit Card,0.00,,TM-DISH
2026-09-12,Custom Pet Portrait,buyer22@example.com,2,65.00,,,0.00,0.00,0.00,0.00,130.00,USD,TXN-0096-1,LIST-TM-PET,2026-09-12,2026-09-12,Buyer 22,123 Market St,Austin,TX,78701,United States,TM-DEMO-0096,,Online,Physical,Credit Card,0.00,,TM-PET
2026-09-12,Moon Phase Poster,buyer22@example.com,1,30.00,,,0.00,0.00,0.00,0.00,30.00,USD,TXN-0096-2,LIST-TM-POSTER,2026-09-12,2026-09-12,Buyer 22,123 Market St,Austin,TX,78701,United States,TM-DEMO-0096,,Online,Physical,Credit Card,0.00,,TM-POSTER
2026-09-13,Tea Towel Set,buyer23@example.com,1,28.00,,,0.00,0.00,4.95,0.00,28.00,USD,TXN-0097-1,LIST-TM-TOWEL,2026-09-13,2026-09-13,Buyer 23,123 Market St,Austin,TX,78701,United States,TM-DEMO-0097,,Online,Physical,Credit Card,0.00,,TM-TOWEL
2026-09-14,Oak Desk Tray,buyer24@example.com,1,42.00,,,0.00,0.00,0.00,0.00,42.00,USD,TXN-0098-1,LIST-TM-TRAY,2026-09-14,2026-09-14,Buyer 24,123 Market St,Austin,TX,78701,United States,TM-DEMO-0098,,Online,Physical,Credit Card,0.00,,TM-TRAY
2026-09-14,Lavender Soap Bar,buyer24@example.com,1,10.00,,,0.00,0.00,0.00,0.00,10.00,USD,TXN-0098-2,LIST-TM-SOAP,2026-09-14,2026-09-14,Buyer 24,123 Market St,Austin,TX,78701,United States,TM-DEMO-0098,,Online,Physical,Credit Card,0.00,,TM-SOAP
2026-09-15,Monogram Keychain,buyer25@example.com,1,16.00,,,0.00,0.00,4.95,0.00,16.00,USD,TXN-0099-1,LIST-TM-KEY,2026-09-15,2026-09-15,Buyer 25,123 Market St,Austin,TX,78701,United States,TM-DEMO-0099,,Online,Physical,Credit Card,0.00,,TM-KEY
2026-09-15,Gift Card,buyer25@example.com,1,25.00,,,0.00,0.00,0.00,0.00,25.00,USD,TXN-0099-2,LIST-TM-GIFT,2026-09-15,2026-09-15,Buyer 25,123 Market St,Austin,TX,78701,United States,TM-DEMO-0099,,Online,Physical,Credit Card,0.00,,TM-GIFT
2026-09-16,Oak Desk Tray,buyer26@example.com,1,42.00,,,0.00,0.00,4.95,0.00,42.00,USD,TXN-0100-1,LIST-TM-TRAY,2026-09-16,2026-09-16,Buyer 26,123 Market St,Austin,TX,78701,United States,TM-DEMO-0100,,Online,Physical,Credit Card,0.00,,TM-TRAY
2026-09-17,Moon Phase Poster,buyer27@example.com,2,30.00,,,0.00,0.00,0.00,0.00,60.00,USD,TXN-0101-1,LIST-TM-POSTER,2026-09-17,2026-09-17,Buyer 27,123 Market St,Austin,TX,78701,United States,TM-DEMO-0101,,Online,Physical,Credit Card,0.00,,TM-POSTER
2026-09-17,Gift Card,buyer27@example.com,1,25.00,,,0.00,0.00,0.00,0.00,25.00,USD,TXN-0101-2,LIST-TM-GIFT,2026-09-17,2026-09-17,Buyer 27,123 Market St,Austin,TX,78701,United States,TM-DEMO-0101,,Online,Physical,Credit Card,0.00,,TM-GIFT
2026-09-18,Minimalist Ring Cone,buyer28@example.com,1,19.00,,,0.00,0.00,4.95,0.00,19.00,USD,TXN-0102-1,LIST-TM-CONE,2026-09-18,2026-09-18,Buyer 28,123 Market St,Austin,TX,78701,United States,TM-DEMO-0102,,Online,Physical,Credit Card,0.00,,TM-CONE
2026-09-18,Monogram Keychain,buyer28@example.com,1,16.00,,,0.00,0.00,0.00,0.00,16.00,USD,TXN-0102-2,LIST-TM-KEY,2026-09-18,2026-09-18,Buyer 28,123 Market St,Austin,TX,78701,United States,TM-DEMO-0102,,Online,Physical,Credit Card,0.00,,TM-KEY
2026-09-19,Tea Towel Set,buyer29@example.com,1,28.00,,,0.00,0.00,4.95,0.00,28.00,USD,TXN-0103-1,LIST-TM-TOWEL,2026-09-19,2026-09-19,Buyer 29,123 Market St,Austin,TX,78701,United States,TM-DEMO-0103,,Online,Physical,Credit Card,0.00,,TM-TOWEL
2026-09-20,Minimalist Ring Cone,buyer30@example.com,2,19.00,,,0.00,0.00,0.00,0.00,38.00,USD,TXN-0104-1,LIST-TM-CONE,2026-09-20,2026-09-20,Buyer 30,123 Market St,Austin,TX,78701,United States,TM-DEMO-0104,,Online,Physical,Credit Card,0.00,,TM-CONE
2026-09-20,Sunset Sticker Pack,buyer30@example.com,1,8.00,,,0.00,0.00,0.00,0.00,8.00,USD,TXN-0104-2,LIST-TM-STICKER,2026-09-20,2026-09-20,Buyer 30,123 Market St,Austin,TX,78701,United States,TM-DEMO-0104,,Online,Physical,Credit Card,0.00,,TM-STICKER
2026-09-21,Cedar & Sage Candle,buyer31@example.com,2,22.00,,,0.00,0.00,0.00,0.00,44.00,USD,TXN-0105-1,LIST-TM-CANDLE,2026-09-21,2026-09-21,Buyer 31,123 Market St,Austin,TX,78701,United States,TM-DEMO-0105,,Online,Physical,Credit Card,0.00,,TM-CANDLE
2026-09-21,Botanical Bookmark,buyer31@example.com,1,12.00,,,0.00,0.00,0.00,0.00,12.00,USD,TXN-0105-2,LIST-TM-BOOKMARK,2026-09-21,2026-09-21,Buyer 31,123 Market St,Austin,TX,78701,United States,TM-DEMO-0105,,Online,Physical,Credit Card,0.00,,TM-BOOKMARK
2026-09-21,Gift Card,buyer31@example.com,1,25.00,,,0.00,0.00,0.00,0.00,25.00,USD,TXN-0105-3,LIST-TM-GIFT,2026-09-21,2026-09-21,Buyer 31,123 Market St,Austin,TX,78701,United States,TM-DEMO-0105,,Online,Physical,Credit Card,0.00,,TM-GIFT
2026-09-22,Minimalist Ring Cone,buyer32@example.com,1,19.00,,,0.00,0.00,4.95,0.00,19.00,USD,TXN-0106-1,LIST-TM-CONE,2026-09-22,2026-09-22,Buyer 32,123 Market St,Austin,TX,78701,United States,TM-DEMO-0106,,Online,Physical,Credit Card,0.00,,TM-CONE
2026-09-23,Wildflower Print,buyer33@example.com,1,18.00,,,0.00,0.00,4.95,0.00,18.00,USD,TXN-0107-1,LIST-TM-PRINT,2026-09-23,2026-09-23,Buyer 33,123 Market St,Austin,TX,78701,United States,TM-DEMO-0107,,Online,Physical,Credit Card,0.00,,TM-PRINT
2026-09-24,Monogram Keychain,buyer34@example.com,1,16.00,,,0.00,0.00,4.95,0.00,16.00,USD,TXN-0108-1,LIST-TM-KEY,2026-09-24,2026-09-24,Buyer 34,123 Market St,Austin,TX,78701,United States,TM-DEMO-0108,,Online,Physical,Credit Card,0.00,,TM-KEY
2026-09-25,Gift Card,buyer35@example.com,1,25.00,,,0.00,0.00,4.95,0.00,25.00,USD,TXN-0109-1,LIST-TM-GIFT,2026-09-25,2026-09-25,Buyer 35,123 Market St,Austin,TX,78701,United States,TM-DEMO-0109,,Online,Physical,Credit Card,0.00,,TM-GIFT
2026-09-26,Wildflower Print,buyer36@example.com,2,18.00,,,0.00,0.00,4.95,0.00,36.00,USD,TXN-0110-1,LIST-TM-PRINT,2026-09-26,2026-09-26,Buyer 36,123 Market St,Austin,TX,78701,United States,TM-DEMO-0110,,Online,Physical,Credit Card,0.00,,TM-PRINT
2026-09-26,Sunset Sticker Pack,buyer36@example.com,1,8.00,,,0.00,0.00,0.00,0.00,8.00,USD,TXN-0110-2,LIST-TM-STICKER,2026-09-26,2026-09-26,Buyer 36,123 Market St,Austin,TX,78701,United States,TM-DEMO-0110,,Online,Physical,Credit Card,0.00,,TM-STICKER
2026-09-27,Oak Desk Tray,buyer37@example.com,1,42.00,,,0.00,0.00,4.95,0.00,42.00,USD,TXN-0111-1,LIST-TM-TRAY,2026-09-27,2026-09-27,Buyer 37,123 Market St,Austin,TX,78701,United States,TM-DEMO-0111,,Online,Physical,Credit Card,0.00,,TM-TRAY
2026-09-28,Sunset Sticker Pack,buyer1@example.com,1,8.00,,,0.00,0.00,4.95,0.00,8.00,USD,TXN-0112-1,LIST-TM-STICKER,2026-09-28,2026-09-28,Buyer 1,123 Market St,Austin,TX,78701,United States,TM-DEMO-0112,,Online,Physical,Credit Card,0.00,,TM-STICKER
2026-09-01,Custom Pet Portrait,buyer2@example.com,2,65.00,,,0.00,0.00,0.00,0.00,130.00,USD,TXN-0113-1,LIST-TM-PET,2026-09-01,2026-09-01,Buyer 2,123 Market St,Austin,TX,78701,United States,TM-DEMO-0113,,Online,Physical,Credit Card,0.00,,TM-PET
2026-09-01,Minimalist Ring Cone,buyer2@example.com,1,19.00,,,0.00,0.00,0.00,0.00,19.00,USD,TXN-0113-2,LIST-TM-CONE,2026-09-01,2026-09-01,Buyer 2,123 Market St,Austin,TX,78701,United States,TM-DEMO-0113,,Online,Physical,Credit Card,0.00,,TM-CONE
2026-09-02,Pressed Flower Frame,buyer3@example.com,2,48.00,,,0.00,0.00,0.00,0.00,96.00,USD,TXN-0114-1,LIST-TM-FRAME,2026-09-02,2026-09-02,Buyer 3,123 Market St,Austin,TX,78701,United States,TM-DEMO-0114,,Online,Physical,Credit Card,0.00,,TM-FRAME
2026-09-02,Pressed Flower Frame,buyer3@example.com,1,48.00,,,0.00,0.00,0.00,0.00,48.00,USD,TXN-0114-2,LIST-TM-FRAME,2026-09-02,2026-09-02,Buyer 3,123 Market St,Austin,TX,78701,United States,TM-DEMO-0114,,Online,Physical,Credit Card,0.00,,TM-FRAME
2026-09-03,Wildflower Print,buyer4@example.com,1,18.00,,,0.00,0.00,4.95,0.00,18.00,USD,TXN-0115-1,LIST-TM-PRINT,2026-09-03,2026-09-03,Buyer 4,123 Market St,Austin,TX,78701,United States,TM-DEMO-0115,,Online,Physical,Credit Card,0.00,,TM-PRINT
2026-09-04,Minimalist Ring Cone,buyer5@example.com,1,19.00,,,0.00,0.00,4.95,0.00,19.00,USD,TXN-0116-1,LIST-TM-CONE,2026-09-04,2026-09-04,Buyer 5,123 Market St,Austin,TX,78701,United States,TM-DEMO-0116,,Online,Physical,Credit Card,0.00,,TM-CONE
2026-09-05,Pressed Flower Frame,buyer6@example.com,1,48.00,,,0.00,0.00,0.00,0.00,48.00,USD,TXN-0117-1,LIST-TM-FRAME,2026-09-05,2026-09-05,Buyer 6,123 Market St,Austin,TX,78701,United States,TM-DEMO-0117,,Online,Physical,Credit Card,0.00,,TM-FRAME
2026-09-06,Lavender Soap Bar,buyer7@example.com,2,10.00,,,0.00,0.00,0.00,0.00,20.00,USD,TXN-0118-1,LIST-TM-SOAP,2026-09-06,2026-09-06,Buyer 7,123 Market St,Austin,TX,78701,United States,TM-DEMO-0118,,Online,Physical,Credit Card,0.00,,TM-SOAP
2026-09-06,Gift Card,buyer7@example.com,1,25.00,,,0.00,0.00,0.00,0.00,25.00,USD,TXN-0118-2,LIST-TM-GIFT,2026-09-06,2026-09-06,Buyer 7,123 Market St,Austin,TX,78701,United States,TM-DEMO-0118,,Online,Physical,Credit Card,0.00,,TM-GIFT
2026-09-06,Gift Card,buyer7@example.com,1,25.00,,,0.00,0.00,0.00,0.00,25.00,USD,TXN-0118-3,LIST-TM-GIFT,2026-09-06,2026-09-06,Buyer 7,123 Market St,Austin,TX,78701,United States,TM-DEMO-0118,,Online,Physical,Credit Card,0.00,,TM-GIFT
2026-09-07,Oak Desk Tray,buyer8@example.com,2,42.00,,,0.00,0.00,0.00,0.00,84.00,USD,TXN-0119-1,LIST-TM-TRAY,2026-09-07,2026-09-07,Buyer 8,123 Market St,Austin,TX,78701,United States,TM-DEMO-0119,,Online,Physical,Credit Card,0.00,,TM-TRAY
2026-09-07,Lavender Soap Bar,buyer8@example.com,1,10.00,,,0.00,0.00,0.00,0.00,10.00,USD,TXN-0119-2,LIST-TM-SOAP,2026-09-07,2026-09-07,Buyer 8,123 Market St,Austin,TX,78701,United States,TM-DEMO-0119,,Online,Physical,Credit Card,0.00,,TM-SOAP
2026-09-08,Oak Desk Tray,buyer9@example.com,1,42.00,,,0.00,0.00,4.95,0.00,42.00,USD,TXN-0120-1,LIST-TM-TRAY,2026-09-08,2026-09-08,Buyer 9,123 Market St,Austin,TX,78701,United States,TM-DEMO-0120,,Online,Physical,Credit Card,0.00,,TM-TRAY
2026-09-09,Monogram Keychain,buyer10@example.com,2,16.00,,,0.00,0.00,0.00,0.00,32.00,USD,TXN-0121-1,LIST-TM-KEY,2026-09-09,2026-09-09,Buyer 10,123 Market St,Austin,TX,78701,United States,TM-DEMO-0121,,Online,Physical,Credit Card,0.00,,TM-KEY
2026-09-09,Oak Desk Tray,buyer10@example.com,1,42.00,,,0.00,0.00,0.00,0.00,42.00,USD,TXN-0121-2,LIST-TM-TRAY,2026-09-09,2026-09-09,Buyer 10,123 Market St,Austin,TX,78701,United States,TM-DEMO-0121,,Online,Physical,Credit Card,0.00,,TM-TRAY
2026-09-10,Wildflower Print,buyer11@example.com,1,18.00,,,0.00,0.00,4.95,0.00,18.00,USD,TXN-0122-1,LIST-TM-PRINT,2026-09-10,2026-09-10,Buyer 11,123 Market St,Austin,TX,78701,United States,TM-DEMO-0122,,Online,Physical,Credit Card,0.00,,TM-PRINT
2026-09-11,Pressed Flower Frame,buyer12@example.com,1,48.00,,,0.00,0.00,0.00,0.00,48.00,USD,TXN-0123-1,LIST-TM-FRAME,2026-09-11,2026-09-11,Buyer 12,123 Market St,Austin,TX,78701,United States,TM-DEMO-0123,,Online,Physical,Credit Card,0.00,,TM-FRAME
2026-09-12,Linen Market Tote,buyer13@example.com,1,34.00,,,0.00,0.00,4.95,0.00,34.00,USD,TXN-0124-1,LIST-TM-TOTE,2026-09-12,2026-09-12,Buyer 13,123 Market St,Austin,TX,78701,United States,TM-DEMO-0124,,Online,Physical,Credit Card,0.00,,TM-TOTE
2026-09-13,Tea Towel Set,buyer14@example.com,1,28.00,,,0.00,0.00,4.95,0.00,28.00,USD,TXN-0125-1,LIST-TM-TOWEL,2026-09-13,2026-09-13,Buyer 14,123 Market St,Austin,TX,78701,United States,TM-DEMO-0125,,Online,Physical,Credit Card,0.00,,TM-TOWEL
2026-09-14,Pressed Flower Frame,buyer15@example.com,1,48.00,,,0.00,0.00,0.00,0.00,48.00,USD,TXN-0126-1,LIST-TM-FRAME,2026-09-14,2026-09-14,Buyer 15,123 Market St,Austin,TX,78701,United States,TM-DEMO-0126,,Online,Physical,Credit Card,0.00,,TM-FRAME
2026-09-15,Pressed Flower Frame,buyer16@example.com,2,48.00,,,0.00,0.00,0.00,0.00,96.00,USD,TXN-0127-1,LIST-TM-FRAME,2026-09-15,2026-09-15,Buyer 16,123 Market St,Austin,TX,78701,United States,TM-DEMO-0127,,Online,Physical,Credit Card,0.00,,TM-FRAME
2026-09-15,Moon Phase Poster,buyer16@example.com,1,30.00,,,0.00,0.00,0.00,0.00,30.00,USD,TXN-0127-2,LIST-TM-POSTER,2026-09-15,2026-09-15,Buyer 16,123 Market St,Austin,TX,78701,United States,TM-DEMO-0127,,Online,Physical,Credit Card,0.00,,TM-POSTER
2026-09-15,Pressed Flower Frame,buyer16@example.com,1,48.00,,,0.00,0.00,0.00,0.00,48.00,USD,TXN-0127-3,LIST-TM-FRAME,2026-09-15,2026-09-15,Buyer 16,123 Market St,Austin,TX,78701,United States,TM-DEMO-0127,,Online,Physical,Credit Card,0.00,,TM-FRAME
2026-09-16,Custom Pet Portrait,buyer17@example.com,1,65.00,,,0.00,0.00,0.00,0.00,65.00,USD,TXN-0128-1,LIST-TM-PET,2026-09-16,2026-09-16,Buyer 17,123 Market St,Austin,TX,78701,United States,TM-DEMO-0128,,Online,Physical,Credit Card,0.00,,TM-PET
2026-09-16,Sunset Sticker Pack,buyer17@example.com,1,8.00,,,0.00,0.00,0.00,0.00,8.00,USD,TXN-0128-2,LIST-TM-STICKER,2026-09-16,2026-09-16,Buyer 17,123 Market St,Austin,TX,78701,United States,TM-DEMO-0128,,Online,Physical,Credit Card,0.00,,TM-STICKER
2026-09-16,Gift Card,buyer17@example.com,1,25.00,,,0.00,0.00,0.00,0.00,25.00,USD,TXN-0128-3,LIST-TM-GIFT,2026-09-16,2026-09-16,Buyer 17,123 Market St,Austin,TX,78701,United States,TM-DEMO-0128,,Online,Physical,Credit Card,0.00,,TM-GIFT
2026-09-17,Pressed Flower Frame,buyer18@example.com,1,48.00,,,0.00,0.00,0.00,0.00,48.00,USD,TXN-0129-1,LIST-TM-FRAME,2026-09-17,2026-09-17,Buyer 18,123 Market St,Austin,TX,78701,United States,TM-DEMO-0129,,Online,Physical,Credit Card,0.00,,TM-FRAME
2026-09-18,Moon Phase Poster,buyer19@example.com,1,30.00,,,0.00,0.00,4.95,0.00,30.00,USD,TXN-0130-1,LIST-TM-POSTER,2026-09-18,2026-09-18,Buyer 19,123 Market St,Austin,TX,78701,United States,TM-DEMO-0130,,Online,Physical,Credit Card,0.00,,TM-POSTER
2026-09-19,Tea Towel Set,buyer20@example.com,1,28.00,,,0.00,0.00,4.95,0.00,28.00,USD,TXN-0131-1,LIST-TM-TOWEL,2026-09-19,2026-09-19,Buyer 20,123 Market St,Austin,TX,78701,United States,TM-DEMO-0131,,Online,Physical,Credit Card,0.00,,TM-TOWEL
2026-09-20,Cedar & Sage Candle,buyer21@example.com,1,22.00,,,0.00,0.00,4.95,0.00,22.00,USD,TXN-0132-1,LIST-TM-CANDLE,2026-09-20,2026-09-20,Buyer 21,123 Market St,Austin,TX,78701,United States,TM-DEMO-0132,,Online,Physical,Credit Card,0.00,,TM-CANDLE
2026-09-21,Gift Card,buyer22@example.com,1,25.00,,,0.00,0.00,4.95,0.00,25.00,USD,TXN-0133-1,LIST-TM-GIFT,2026-09-21,2026-09-21,Buyer 22,123 Market St,Austin,TX,78701,United States,TM-DEMO-0133,,Online,Physical,Credit Card,0.00,,TM-GIFT
2026-09-22,Clay Trinket Dish,buyer23@example.com,1,26.00,,,0.00,0.00,4.95,0.00,26.00,USD,TXN-0134-1,LIST-TM-DISH,2026-09-22,2026-09-22,Buyer 23,123 Market St,Austin,TX,78701,United States,TM-DEMO-0134,,Online,Physical,Credit Card,0.00,,TM-DISH
2026-09-23,Clay Trinket Dish,buyer24@example.com,1,26.00,,,0.00,0.00,4.95,0.00,26.00,USD,TXN-0135-1,LIST-TM-DISH,2026-09-23,2026-09-23,Buyer 24,123 Market St,Austin,TX,78701,United States,TM-DEMO-0135,,Online,Physical,Credit Card,0.00,,TM-DISH
2026-09-24,Gift Card,buyer25@example.com,1,25.00,,,0.00,0.00,0.00,0.00,25.00,USD,TXN-0136-1,LIST-TM-GIFT,2026-09-24,2026-09-24,Buyer 25,123 Market St,Austin,TX,78701,United States,TM-DEMO-0136,,Online,Physical,Credit Card,0.00,,TM-GIFT
2026-09-24,Sunset Sticker Pack,buyer25@example.com,1,8.00,,,0.00,0.00,0.00,0.00,8.00,USD,TXN-0136-2,LIST-TM-STICKER,2026-09-24,2026-09-24,Buyer 25,123 Market St,Austin,TX,78701,United States,TM-DEMO-0136,,Online,Physical,Credit Card,0.00,,TM-STICKER
2026-09-24,Custom Pet Portrait,buyer25@example.com,1,65.00,,,0.00,0.00,0.00,0.00,65.00,USD,TXN-0136-3,LIST-TM-PET,2026-09-24,2026-09-24,Buyer 25,123 Market St,Austin,TX,78701,United States,TM-DEMO-0136,,Online,Physical,Credit Card,0.00,,TM-PET
2026-09-25,Gift Card,buyer26@example.com,1,25.00,,,0.00,0.00,4.95,0.00,25.00,USD,TXN-0137-1,LIST-TM-GIFT,2026-09-25,2026-09-25,Buyer 26,123 Market St,Austin,TX,78701,United States,TM-DEMO-0137,,Online,Physical,Credit Card,0.00,,TM-GIFT
2026-09-26,Tea Towel Set,buyer27@example.com,1,28.00,,,0.00,0.00,4.95,0.00,28.00,USD,TXN-0138-1,LIST-TM-TOWEL,2026-09-26,2026-09-26,Buyer 27,123 Market St,Austin,TX,78701,United States,TM-DEMO-0138,,Online,Physical,Credit Card,0.00,,TM-TOWEL
2026-09-27,Lavender Soap Bar,buyer28@example.com,1,10.00,,,0.00,0.00,4.95,0.00,10.00,USD,TXN-0139-1,LIST-TM-SOAP,2026-09-27,2026-09-27,Buyer 28,123 Market St,Austin,TX,78701,United States,TM-DEMO-0139,,Online,Physical,Credit Card,0.00,,TM-SOAP
2026-09-28,Botanical Bookmark,buyer29@example.com,1,12.00,,,0.00,0.00,4.95,0.00,12.00,USD,TXN-0140-1,LIST-TM-BOOKMARK,2026-09-28,2026-09-28,Buyer 29,123 Market St,Austin,TX,78701,United States,TM-DEMO-0140,,Online,Physical,Credit Card,0.00,,TM-BOOKMARK
2026-09-01,Monogram Keychain,buyer30@example.com,2,16.00,,,0.00,0.00,0.00,0.00,32.00,USD,TXN-0141-1,LIST-TM-KEY,2026-09-01,2026-09-01,Buyer 30,123 Market St,Austin,TX,78701,United States,TM-DEMO-0141,,Online,Physical,Credit Card,0.00,,TM-KEY
2026-09-01,Tea Towel Set,buyer30@example.com,1,28.00,,,0.00,0.00,0.00,0.00,28.00,USD,TXN-0141-2,LIST-TM-TOWEL,2026-09-01,2026-09-01,Buyer 30,123 Market St,Austin,TX,78701,United States,TM-DEMO-0141,,Online,Physical,Credit Card,0.00,,TM-TOWEL
2026-09-01,Clay Trinket Dish,buyer30@example.com,1,26.00,,,0.00,0.00,0.00,0.00,26.00,USD,TXN-0141-3,LIST-TM-DISH,2026-09-01,2026-09-01,Buyer 30,123 Market St,Austin,TX,78701,United States,TM-DEMO-0141,,Online,Physical,Credit Card,0.00,,TM-DISH
2026-09-02,Tea Towel Set,buyer31@example.com,1,28.00,,,0.00,0.00,4.95,0.00,28.00,USD,TXN-0142-1,LIST-TM-TOWEL,2026-09-02,2026-09-02,Buyer 31,123 Market St,Austin,TX,78701,United States,TM-DEMO-0142,,Online,Physical,Credit Card,0.00,,TM-TOWEL
2026-09-03,Minimalist Ring Cone,buyer32@example.com,1,19.00,,,0.00,0.00,4.95,0.00,19.00,USD,TXN-0143-1,LIST-TM-CONE,2026-09-03,2026-09-03,Buyer 32,123 Market St,Austin,TX,78701,United States,TM-DEMO-0143,,Online,Physical,Credit Card,0.00,,TM-CONE
2026-09-04,Gift Card,buyer33@example.com,1,25.00,,,0.00,0.00,4.95,0.00,25.00,USD,TXN-0144-1,LIST-TM-GIFT,2026-09-04,2026-09-04,Buyer 33,123 Market St,Austin,TX,78701,United States,TM-DEMO-0144,,Online,Physical,Credit Card,0.00,,TM-GIFT
2026-09-05,Tea Towel Set,buyer34@example.com,2,28.00,,,0.00,0.00,0.00,0.00,56.00,USD,TXN-0145-1,LIST-TM-TOWEL,2026-09-05,2026-09-05,Buyer 34,123 Market St,Austin,TX,78701,United States,TM-DEMO-0145,,Online,Physical,Credit Card,0.00,,TM-TOWEL
2026-09-05,Monogram Keychain,buyer34@example.com,1,16.00,,,0.00,0.00,0.00,0.00,16.00,USD,TXN-0145-2,LIST-TM-KEY,2026-09-05,2026-09-05,Buyer 34,123 Market St,Austin,TX,78701,United States,TM-DEMO-0145,,Online,Physical,Credit Card,0.00,,TM-KEY
2026-09-06,Botanical Bookmark,buyer35@example.com,2,12.00,,,0.00,0.00,4.95,0.00,24.00,USD,TXN-0146-1,LIST-TM-BOOKMARK,2026-09-06,2026-09-06,Buyer 35,123 Market St,Austin,TX,78701,United States,TM-DEMO-0146,,Online,Physical,Credit Card,0.00,,TM-BOOKMARK
2026-09-06,Minimalist Ring Cone,buyer35@example.com,1,19.00,,,0.00,0.00,0.00,0.00,19.00,USD,TXN-0146-2,LIST-TM-CONE,2026-09-06,2026-09-06,Buyer 35,123 Market St,Austin,TX,78701,United States,TM-DEMO-0146,,Online,Physical,Credit Card,0.00,,TM-CONE
2026-09-07,Custom Pet Portrait,buyer36@example.com,1,65.00,,,0.00,0.00,0.00,0.00,65.00,USD,TXN-0147-1,LIST-TM-PET,2026-09-07,2026-09-07,Buyer 36,123 Market St,Austin,TX,78701,United States,TM-DEMO-0147,,Online,Physical,Credit Card,0.00,,TM-PET
2026-09-07,Tea Towel Set,buyer36@example.com,1,28.00,,,0.00,0.00,0.00,0.00,28.00,USD,TXN-0147-2,LIST-TM-TOWEL,2026-09-07,2026-09-07,Buyer 36,123 Market St,Austin,TX,78701,United States,TM-DEMO-0147,,Online,Physical,Credit Card,0.00,,TM-TOWEL
2026-09-08,Pressed Flower Frame,buyer37@example.com,1,48.00,,,0.00,0.00,0.00,0.00,48.00,USD,TXN-0148-1,LIST-TM-FRAME,2026-09-08,2026-09-08,Buyer 37,123 Market St,Austin,TX,78701,United States,TM-DEMO-0148,,Online,Physical,Credit Card,0.00,,TM-FRAME
2026-09-08,Sunset Sticker Pack,buyer37@example.com,1,8.00,,,0.00,0.00,0.00,0.00,8.00,USD,TXN-0148-2,LIST-TM-STICKER,2026-09-08,2026-09-08,Buyer 37,123 Market St,Austin,TX,78701,United States,TM-DEMO-0148,,Online,Physical,Credit Card,0.00,,TM-STICKER
2026-09-08,Cedar & Sage Candle,buyer37@example.com,1,22.00,,,0.00,0.00,0.00,0.00,22.00,USD,TXN-0148-3,LIST-TM-CANDLE,2026-09-08,2026-09-08,Buyer 37,123 Market St,Austin,TX,78701,United States,TM-DEMO-0148,,Online,Physical,Credit Card,0.00,,TM-CANDLE
2026-09-09,Gift Card,buyer1@example.com,2,25.00,,,0.00,0.00,0.00,0.00,50.00,USD,TXN-0149-1,LIST-TM-GIFT,2026-09-09,2026-09-09,Buyer 1,123 Market St,Austin,TX,78701,United States,TM-DEMO-0149,,Online,Physical,Credit Card,0.00,,TM-GIFT
2026-09-09,Pressed Flower Frame,buyer1@example.com,1,48.00,,,0.00,0.00,0.00,0.00,48.00,USD,TXN-0149-2,LIST-TM-FRAME,2026-09-09,2026-09-09,Buyer 1,123 Market St,Austin,TX,78701,United States,TM-DEMO-0149,,Online,Physical,Credit Card,0.00,,TM-FRAME
2026-09-10,Linen Market Tote,buyer2@example.com,2,34.00,,,0.00,0.00,0.00,0.00,68.00,USD,TXN-0150-1,LIST-TM-TOTE,2026-09-10,2026-09-10,Buyer 2,123 Market St,Austin,TX,78701,United States,TM-DEMO-0150,,Online,Physical,Credit Card,0.00,,TM-TOTE
2026-09-10,Pressed Flower Frame,buyer2@example.com,1,48.00,,,0.00,0.00,0.00,0.00,48.00,USD,TXN-0150-2,LIST-TM-FRAME,2026-09-10,2026-09-10,Buyer 2,123 Market St,Austin,TX,78701,United States,TM-DEMO-0150,,Online,Physical,Credit Card,0.00,,TM-FRAME
2026-09-10,Minimalist Ring Cone,buyer2@example.com,1,19.00,,,0.00,0.00,0.00,0.00,19.00,USD,TXN-0150-3,LIST-TM-CONE,2026-09-10,2026-09-10,Buyer 2,123 Market St,Austin,TX,78701,United States,TM-DEMO-0150,,Online,Physical,Credit Card,0.00,,TM-CONE
2026-09-11,Oak Desk Tray,buyer3@example.com,2,42.00,,,0.00,0.00,0.00,0.00,84.00,USD,TXN-0151-1,LIST-TM-TRAY,2026-09-11,2026-09-11,Buyer 3,123 Market St,Austin,TX,78701,United States,TM-DEMO-0151,,Online,Physical,Credit Card,0.00,,TM-TRAY
2026-09-11,Lavender Soap Bar,buyer3@example.com,1,10.00,,,0.00,0.00,0.00,0.00,10.00,USD,TXN-0151-2,LIST-TM-SOAP,2026-09-11,2026-09-11,Buyer 3,123 Market St,Austin,TX,78701,United States,TM-DEMO-0151,,Online,Physical,Credit Card,0.00,,TM-SOAP
2026-09-12,Pressed Flower Frame,buyer4@example.com,1,48.00,,,0.00,0.00,0.00,0.00,48.00,USD,TXN-0152-1,LIST-TM-FRAME,2026-09-12,2026-09-12,Buyer 4,123 Market St,Austin,TX,78701,United States,TM-DEMO-0152,,Online,Physical,Credit Card,0.00,,TM-FRAME
2026-09-13,Botanical Bookmark,buyer5@example.com,1,12.00,,,0.00,0.00,4.95,0.00,12.00,USD,TXN-0153-1,LIST-TM-BOOKMARK,2026-09-13,2026-09-13,Buyer 5,123 Market St,Austin,TX,78701,United States,TM-DEMO-0153,,Online,Physical,Credit Card,0.00,,TM-BOOKMARK
2026-09-14,Clay Trinket Dish,buyer6@example.com,1,26.00,,,0.00,0.00,4.95,0.00,26.00,USD,TXN-0154-1,LIST-TM-DISH,2026-09-14,2026-09-14,Buyer 6,123 Market St,Austin,TX,78701,United States,TM-DEMO-0154,,Online,Physical,Credit Card,0.00,,TM-DISH
2026-09-15,Oak Desk Tray,buyer7@example.com,1,42.00,,,0.00,0.00,4.95,0.00,42.00,USD,TXN-0155-1,LIST-TM-TRAY,2026-09-15,2026-09-15,Buyer 7,123 Market St,Austin,TX,78701,United States,TM-DEMO-0155,,Online,Physical,Credit Card,0.00,,TM-TRAY
2026-09-16,Gift Card,buyer8@example.com,1,25.00,,,0.00,0.00,4.95,0.00,25.00,USD,TXN-0156-1,LIST-TM-GIFT,2026-09-16,2026-09-16,Buyer 8,123 Market St,Austin,TX,78701,United States,TM-DEMO-0156,,Online,Physical,Credit Card,0.00,,TM-GIFT
2026-09-17,Pressed Flower Frame,buyer9@example.com,1,48.00,,,0.00,0.00,0.00,0.00,48.00,USD,TXN-0157-1,LIST-TM-FRAME,2026-09-17,2026-09-17,Buyer 9,123 Market St,Austin,TX,78701,United States,TM-DEMO-0157,,Online,Physical,Credit Card,0.00,,TM-FRAME
2026-09-18,Custom Pet Portrait,buyer10@example.com,1,65.00,,,0.00,0.00,0.00,0.00,65.00,USD,TXN-0158-1,LIST-TM-PET,2026-09-18,2026-09-18,Buyer 10,123 Market St,Austin,TX,78701,United States,TM-DEMO-0158,,Online,Physical,Credit Card,0.00,,TM-PET
2026-09-19,Cedar & Sage Candle,buyer11@example.com,1,22.00,,,0.00,0.00,4.95,0.00,22.00,USD,TXN-0159-1,LIST-TM-CANDLE,2026-09-19,2026-09-19,Buyer 11,123 Market St,Austin,TX,78701,United States,TM-DEMO-0159,,Online,Physical,Credit Card,0.00,,TM-CANDLE
2026-09-20,Minimalist Ring Cone,buyer12@example.com,1,19.00,,,0.00,0.00,4.95,0.00,19.00,USD,TXN-0160-1,LIST-TM-CONE,2026-09-20,2026-09-20,Buyer 12,123 Market St,Austin,TX,78701,United States,TM-DEMO-0160,,Online,Physical,Credit Card,0.00,,TM-CONE
2026-09-21,Lavender Soap Bar,buyer13@example.com,1,10.00,,,0.00,0.00,0.00,0.00,10.00,USD,TXN-0161-1,LIST-TM-SOAP,2026-09-21,2026-09-21,Buyer 13,123 Market St,Austin,TX,78701,United States,TM-DEMO-0161,,Online,Physical,Credit Card,0.00,,TM-SOAP
2026-09-21,Lavender Soap Bar,buyer13@example.com,1,10.00,,,0.00,0.00,0.00,0.00,10.00,USD,TXN-0161-2,LIST-TM-SOAP,2026-09-21,2026-09-21,Buyer 13,123 Market St,Austin,TX,78701,United States,TM-DEMO-0161,,Online,Physical,Credit Card,0.00,,TM-SOAP
2026-09-21,Custom Pet Portrait,buyer13@example.com,1,65.00,,,0.00,0.00,0.00,0.00,65.00,USD,TXN-0161-3,LIST-TM-PET,2026-09-21,2026-09-21,Buyer 13,123 Market St,Austin,TX,78701,United States,TM-DEMO-0161,,Online,Physical,Credit Card,0.00,,TM-PET
2026-09-22,Clay Trinket Dish,buyer14@example.com,2,26.00,,,0.00,0.00,0.00,0.00,52.00,USD,TXN-0162-1,LIST-TM-DISH,2026-09-22,2026-09-22,Buyer 14,123 Market St,Austin,TX,78701,United States,TM-DEMO-0162,,Online,Physical,Credit Card,0.00,,TM-DISH
2026-09-22,Lavender Soap Bar,buyer14@example.com,1,10.00,,,0.00,0.00,0.00,0.00,10.00,USD,TXN-0162-2,LIST-TM-SOAP,2026-09-22,2026-09-22,Buyer 14,123 Market St,Austin,TX,78701,United States,TM-DEMO-0162,,Online,Physical,Credit Card,0.00,,TM-SOAP
2026-09-23,Clay Trinket Dish,buyer15@example.com,2,26.00,,,0.00,0.00,0.00,0.00,52.00,USD,TXN-0163-1,LIST-TM-DISH,2026-09-23,2026-09-23,Buyer 15,123 Market St,Austin,TX,78701,United States,TM-DEMO-0163,,Online,Physical,Credit Card,0.00,,TM-DISH
2026-09-23,Monogram Keychain,buyer15@example.com,1,16.00,,,0.00,0.00,0.00,0.00,16.00,USD,TXN-0163-2,LIST-TM-KEY,2026-09-23,2026-09-23,Buyer 15,123 Market St,Austin,TX,78701,United States,TM-DEMO-0163,,Online,Physical,Credit Card,0.00,,TM-KEY
2026-09-23,Gift Card,buyer15@example.com,1,25.00,,,0.00,0.00,0.00,0.00,25.00,USD,TXN-0163-3,LIST-TM-GIFT,2026-09-23,2026-09-23,Buyer 15,123 Market St,Austin,TX,78701,United States,TM-DEMO-0163,,Online,Physical,Credit Card,0.00,,TM-GIFT
2026-09-24,Minimalist Ring Cone,buyer16@example.com,2,19.00,,,0.00,0.00,0.00,0.00,38.00,USD,TXN-0164-1,LIST-TM-CONE,2026-09-24,2026-09-24,Buyer 16,123 Market St,Austin,TX,78701,United States,TM-DEMO-0164,,Online,Physical,Credit Card,0.00,,TM-CONE
2026-09-24,Tea Towel Set,buyer16@example.com,1,28.00,,,0.00,0.00,0.00,0.00,28.00,USD,TXN-0164-2,LIST-TM-TOWEL,2026-09-24,2026-09-24,Buyer 16,123 Market St,Austin,TX,78701,United States,TM-DEMO-0164,,Online,Physical,Credit Card,0.00,,TM-TOWEL
2026-09-25,Oak Desk Tray,buyer17@example.com,1,42.00,,,0.00,0.00,4.95,0.00,42.00,USD,TXN-0165-1,LIST-TM-TRAY,2026-09-25,2026-09-25,Buyer 17,123 Market St,Austin,TX,78701,United States,TM-DEMO-0165,,Online,Physical,Credit Card,0.00,,TM-TRAY
2026-09-26,Minimalist Ring Cone,buyer18@example.com,1,19.00,,,0.00,0.00,4.95,0.00,19.00,USD,TXN-0166-1,LIST-TM-CONE,2026-09-26,2026-09-26,Buyer 18,123 Market St,Austin,TX,78701,United States,TM-DEMO-0166,,Online,Physical,Credit Card,0.00,,TM-CONE
2026-09-27,Botanical Bookmark,buyer19@example.com,2,12.00,,,0.00,0.00,0.00,0.00,24.00,USD,TXN-0167-1,LIST-TM-BOOKMARK,2026-09-27,2026-09-27,Buyer 19,123 Market St,Austin,TX,78701,United States,TM-DEMO-0167,,Online,Physical,Credit Card,0.00,,TM-BOOKMARK
2026-09-27,Cedar & Sage Candle,buyer19@example.com,1,22.00,,,0.00,0.00,0.00,0.00,22.00,USD,TXN-0167-2,LIST-TM-CANDLE,2026-09-27,2026-09-27,Buyer 19,123 Market St,Austin,TX,78701,United States,TM-DEMO-0167,,Online,Physical,Credit Card,0.00,,TM-CANDLE
2026-09-28,Sunset Sticker Pack,buyer20@example.com,1,8.00,,,0.00,0.00,4.95,0.00,8.00,USD,TXN-0168-1,LIST-TM-STICKER,2026-09-28,2026-09-28,Buyer 20,123 Market St,Austin,TX,78701,United States,TM-DEMO-0168,,Online,Physical,Credit Card,0.00,,TM-STICKER
2026-09-01,Custom Pet Portrait,buyer21@example.com,1,65.00,,,0.00,0.00,0.00,0.00,65.00,USD,TXN-0169-1,LIST-TM-PET,2026-09-01,2026-09-01,Buyer 21,123 Market St,Austin,TX,78701,United States,TM-DEMO-0169,,Online,Physical,Credit Card,0.00,,TM-PET
2026-09-02,Lavender Soap Bar,buyer22@example.com,2,10.00,,,0.00,0.00,4.95,0.00,20.00,USD,TXN-0170-1,LIST-TM-SOAP,2026-09-02,2026-09-02,Buyer 22,123 Market St,Austin,TX,78701,United States,TM-DEMO-0170,,Online,Physical,Credit Card,0.00,,TM-SOAP
2026-09-02,Wildflower Print,buyer22@example.com,1,18.00,,,0.00,0.00,0.00,0.00,18.00,USD,TXN-0170-2,LIST-TM-PRINT,2026-09-02,2026-09-02,Buyer 22,123 Market St,Austin,TX,78701,United States,TM-DEMO-0170,,Online,Physical,Credit Card,0.00,,TM-PRINT
2026-09-03,Clay Trinket Dish,buyer23@example.com,1,26.00,,,0.00,0.00,4.95,0.00,26.00,USD,TXN-0171-1,LIST-TM-DISH,2026-09-03,2026-09-03,Buyer 23,123 Market St,Austin,TX,78701,United States,TM-DEMO-0171,,Online,Physical,Credit Card,0.00,,TM-DISH
2026-09-04,Linen Market Tote,buyer24@example.com,1,34.00,,,0.00,0.00,4.95,0.00,34.00,USD,TXN-0172-1,LIST-TM-TOTE,2026-09-04,2026-09-04,Buyer 24,123 Market St,Austin,TX,78701,United States,TM-DEMO-0172,,Online,Physical,Credit Card,0.00,,TM-TOTE
2026-09-05,Oak Desk Tray,buyer25@example.com,2,42.00,,,0.00,0.00,0.00,0.00,84.00,USD,TXN-0173-1,LIST-TM-TRAY,2026-09-05,2026-09-05,Buyer 25,123 Market St,Austin,TX,78701,United States,TM-DEMO-0173,,Online,Physical,Credit Card,0.00,,TM-TRAY
2026-09-05,Moon Phase Poster,buyer25@example.com,1,30.00,,,0.00,0.00,0.00,0.00,30.00,USD,TXN-0173-2,LIST-TM-POSTER,2026-09-05,2026-09-05,Buyer 25,123 Market St,Austin,TX,78701,United States,TM-DEMO-0173,,Online,Physical,Credit Card,0.00,,TM-POSTER
2026-09-06,Gift Card,buyer26@example.com,2,25.00,,,0.00,0.00,0.00,0.00,50.00,USD,TXN-0174-1,LIST-TM-GIFT,2026-09-06,2026-09-06,Buyer 26,123 Market St,Austin,TX,78701,United States,TM-DEMO-0174,,Online,Physical,Credit Card,0.00,,TM-GIFT
2026-09-06,Botanical Bookmark,buyer26@example.com,1,12.00,,,0.00,0.00,0.00,0.00,12.00,USD,TXN-0174-2,LIST-TM-BOOKMARK,2026-09-06,2026-09-06,Buyer 26,123 Market St,Austin,TX,78701,United States,TM-DEMO-0174,,Online,Physical,Credit Card,0.00,,TM-BOOKMARK
2026-09-07,Oak Desk Tray,buyer27@example.com,2,42.00,,,0.00,0.00,0.00,0.00,84.00,USD,TXN-0175-1,LIST-TM-TRAY,2026-09-07,2026-09-07,Buyer 27,123 Market St,Austin,TX,78701,United States,TM-DEMO-0175,,Online,Physical,Credit Card,0.00,,TM-TRAY
2026-09-07,Gift Card,buyer27@example.com,1,25.00,,,0.00,0.00,0.00,0.00,25.00,USD,TXN-0175-2,LIST-TM-GIFT,2026-09-07,2026-09-07,Buyer 27,123 Market St,Austin,TX,78701,United States,TM-DEMO-0175,,Online,Physical,Credit Card,0.00,,TM-GIFT
2026-09-08,Clay Trinket Dish,buyer28@example.com,1,26.00,,,0.00,0.00,4.95,0.00,26.00,USD,TXN-0176-1,LIST-TM-DISH,2026-09-08,2026-09-08,Buyer 28,123 Market St,Austin,TX,78701,United States,TM-DEMO-0176,,Online,Physical,Credit Card,0.00,,TM-DISH
2026-09-09,Minimalist Ring Cone,buyer29@example.com,2,19.00,,,0.00,0.00,0.00,0.00,38.00,USD,TXN-0177-1,LIST-TM-CONE,2026-09-09,2026-09-09,Buyer 29,123 Market St,Austin,TX,78701,United States,TM-DEMO-0177,,Online,Physical,Credit Card,0.00,,TM-CONE
2026-09-09,Tea Towel Set,buyer29@example.com,1,28.00,,,0.00,0.00,0.00,0.00,28.00,USD,TXN-0177-2,LIST-TM-TOWEL,2026-09-09,2026-09-09,Buyer 29,123 Market St,Austin,TX,78701,United States,TM-DEMO-0177,,Online,Physical,Credit Card,0.00,,TM-TOWEL
2026-09-10,Clay Trinket Dish,buyer30@example.com,1,26.00,,,0.00,0.00,4.95,0.00,26.00,USD,TXN-0178-1,LIST-TM-DISH,2026-09-10,2026-09-10,Buyer 30,123 Market St,Austin,TX,78701,United States,TM-DEMO-0178,,Online,Physical,Credit Card,0.00,,TM-DISH
2026-09-11,Oak Desk Tray,buyer31@example.com,1,42.00,,,0.00,0.00,4.95,0.00,42.00,USD,TXN-0179-1,LIST-TM-TRAY,2026-09-11,2026-09-11,Buyer 31,123 Market St,Austin,TX,78701,United States,TM-DEMO-0179,,Online,Physical,Credit Card,0.00,,TM-TRAY
2026-09-12,Lavender Soap Bar,buyer32@example.com,1,10.00,,,0.00,0.00,4.95,0.00,10.00,USD,TXN-0180-1,LIST-TM-SOAP,2026-09-12,2026-09-12,Buyer 32,123 Market St,Austin,TX,78701,United States,TM-DEMO-0180,,Online,Physical,Credit Card,0.00,,TM-SOAP
2026-09-13,Wildflower Print,buyer33@example.com,2,18.00,,,0.00,0.00,0.00,0.00,36.00,USD,TXN-0181-1,LIST-TM-PRINT,2026-09-13,2026-09-13,Buyer 33,123 Market St,Austin,TX,78701,United States,TM-DEMO-0181,,Online,Physical,Credit Card,0.00,,TM-PRINT
2026-09-13,Pressed Flower Frame,buyer33@example.com,1,48.00,,,0.00,0.00,0.00,0.00,48.00,USD,TXN-0181-2,LIST-TM-FRAME,2026-09-13,2026-09-13,Buyer 33,123 Market St,Austin,TX,78701,United States,TM-DEMO-0181,,Online,Physical,Credit Card,0.00,,TM-FRAME
2026-09-14,Sunset Sticker Pack,buyer34@example.com,2,8.00,,,0.00,0.00,4.95,0.00,16.00,USD,TXN-0182-1,LIST-TM-STICKER,2026-09-14,2026-09-14,Buyer 34,123 Market St,Austin,TX,78701,United States,TM-DEMO-0182,,Online,Physical,Credit Card,0.00,,TM-STICKER
2026-09-14,Sunset Sticker Pack,buyer34@example.com,1,8.00,,,0.00,0.00,0.00,0.00,8.00,USD,TXN-0182-2,LIST-TM-STICKER,2026-09-14,2026-09-14,Buyer 34,123 Market St,Austin,TX,78701,United States,TM-DEMO-0182,,Online,Physical,Credit Card,0.00,,TM-STICKER
2026-09-14,Botanical Bookmark,buyer34@example.com,1,12.00,,,0.00,0.00,0.00,0.00,12.00,USD,TXN-0182-3,LIST-TM-BOOKMARK,2026-09-14,2026-09-14,Buyer 34,123 Market St,Austin,TX,78701,United States,TM-DEMO-0182,,Online,Physical,Credit Card,0.00,,TM-BOOKMARK
2026-09-15,Linen Market Tote,buyer35@example.com,1,34.00,,,0.00,0.00,4.95,0.00,34.00,USD,TXN-0183-1,LIST-TM-TOTE,2026-09-15,2026-09-15,Buyer 35,123 Market St,Austin,TX,78701,United States,TM-DEMO-0183,,Online,Physical,Credit Card,0.00,,TM-TOTE
2026-09-16,Lavender Soap Bar,buyer36@example.com,1,10.00,,,0.00,0.00,0.00,0.00,10.00,USD,TXN-0184-1,LIST-TM-SOAP,2026-09-16,2026-09-16,Buyer 36,123 Market St,Austin,TX,78701,United States,TM-DEMO-0184,,Online,Physical,Credit Card,0.00,,TM-SOAP
2026-09-16,Minimalist Ring Cone,buyer36@example.com,1,19.00,,,0.00,0.00,0.00,0.00,19.00,USD,TXN-0184-2,LIST-TM-CONE,2026-09-16,2026-09-16,Buyer 36,123 Market St,Austin,TX,78701,United States,TM-DEMO-0184,,Online,Physical,Credit Card,0.00,,TM-CONE
2026-09-16,Monogram Keychain,buyer36@example.com,1,16.00,,,0.00,0.00,0.00,0.00,16.00,USD,TXN-0184-3,LIST-TM-KEY,2026-09-16,2026-09-16,Buyer 36,123 Market St,Austin,TX,78701,United States,TM-DEMO-0184,,Online,Physical,Credit Card,0.00,,TM-KEY
2026-09-17,Tea Towel Set,buyer37@example.com,1,28.00,,,0.00,0.00,4.95,0.00,28.00,USD,TXN-0185-1,LIST-TM-TOWEL,2026-09-17,2026-09-17,Buyer 37,123 Market St,Austin,TX,78701,United States,TM-DEMO-0185,,Online,Physical,Credit Card,0.00,,TM-TOWEL
2026-09-18,Lavender Soap Bar,buyer1@example.com,1,10.00,,,0.00,0.00,4.95,0.00,10.00,USD,TXN-0186-1,LIST-TM-SOAP,2026-09-18,2026-09-18,Buyer 1,123 Market St,Austin,TX,78701,United States,TM-DEMO-0186,,Online,Physical,Credit Card,0.00,,TM-SOAP
2026-09-19,Lavender Soap Bar,buyer2@example.com,2,10.00,,,0.00,0.00,4.95,0.00,20.00,USD,TXN-0187-1,LIST-TM-SOAP,2026-09-19,2026-09-19,Buyer 2,123 Market St,Austin,TX,78701,United States,TM-DEMO-0187,,Online,Physical,Credit Card,0.00,,TM-SOAP
2026-09-19,Sunset Sticker Pack,buyer2@example.com,1,8.00,,,0.00,0.00,0.00,0.00,8.00,USD,TXN-0187-2,LIST-TM-STICKER,2026-09-19,2026-09-19,Buyer 2,123 Market St,Austin,TX,78701,United States,TM-DEMO-0187,,Online,Physical,Credit Card,0.00,,TM-STICKER
2026-09-20,Sunset Sticker Pack,buyer3@example.com,1,8.00,,,0.00,0.00,4.95,0.00,8.00,USD,TXN-0188-1,LIST-TM-STICKER,2026-09-20,2026-09-20,Buyer 3,123 Market St,Austin,TX,78701,United States,TM-DEMO-0188,,Online,Physical,Credit Card,0.00,,TM-STICKER
2026-09-21,Botanical Bookmark,buyer4@example.com,1,12.00,,,0.00,0.00,4.95,0.00,12.00,USD,TXN-0189-1,LIST-TM-BOOKMARK,2026-09-21,2026-09-21,Buyer 4,123 Market St,Austin,TX,78701,United States,TM-DEMO-0189,,Online,Physical,Credit Card,0.00,,TM-BOOKMARK
2026-09-22,Tea Towel Set,buyer5@example.com,1,28.00,,,0.00,0.00,4.95,0.00,28.00,USD,TXN-0190-1,LIST-TM-TOWEL,2026-09-22,2026-09-22,Buyer 5,123 Market St,Austin,TX,78701,United States,TM-DEMO-0190,,Online,Physical,Credit Card,0.00,,TM-TOWEL
2026-09-23,Monogram Keychain,buyer6@example.com,1,16.00,,,0.00,0.00,0.00,0.00,16.00,USD,TXN-0191-1,LIST-TM-KEY,2026-09-23,2026-09-23,Buyer 6,123 Market St,Austin,TX,78701,United States,TM-DEMO-0191,,Online,Physical,Credit Card,0.00,,TM-KEY
2026-09-23,Linen Market Tote,buyer6@example.com,1,34.00,,,0.00,0.00,0.00,0.00,34.00,USD,TXN-0191-2,LIST-TM-TOTE,2026-09-23,2026-09-23,Buyer 6,123 Market St,Austin,TX,78701,United States,TM-DEMO-0191,,Online,Physical,Credit Card,0.00,,TM-TOTE
2026-09-24,Oak Desk Tray,buyer7@example.com,1,42.00,,,0.00,0.00,0.00,0.00,42.00,USD,TXN-0192-1,LIST-TM-TRAY,2026-09-24,2026-09-24,Buyer 7,123 Market St,Austin,TX,78701,United States,TM-DEMO-0192,,Online,Physical,Credit Card,0.00,,TM-TRAY
2026-09-24,Custom Pet Portrait,buyer7@example.com,1,65.00,,,0.00,0.00,0.00,0.00,65.00,USD,TXN-0192-2,LIST-TM-PET,2026-09-24,2026-09-24,Buyer 7,123 Market St,Austin,TX,78701,United States,TM-DEMO-0192,,Online,Physical,Credit Card,0.00,,TM-PET
2026-09-25,Lavender Soap Bar,buyer8@example.com,1,10.00,,,0.00,0.00,4.95,0.00,10.00,USD,TXN-0193-1,LIST-TM-SOAP,2026-09-25,2026-09-25,Buyer 8,123 Market St,Austin,TX,78701,United States,TM-DEMO-0193,,Online,Physical,Credit Card,0.00,,TM-SOAP
2026-09-26,Lavender Soap Bar,buyer9@example.com,1,10.00,,,0.00,0.00,4.95,0.00,10.00,USD,TXN-0194-1,LIST-TM-SOAP,2026-09-26,2026-09-26,Buyer 9,123 Market St,Austin,TX,78701,United States,TM-DEMO-0194,,Online,Physical,Credit Card,0.00,,TM-SOAP
2026-09-27,Pressed Flower Frame,buyer10@example.com,1,48.00,,,0.00,0.00,0.00,0.00,48.00,USD,TXN-0195-1,LIST-TM-FRAME,2026-09-27,2026-09-27,Buyer 10,123 Market St,Austin,TX,78701,United States,TM-DEMO-0195,,Online,Physical,Credit Card,0.00,,TM-FRAME
2026-09-28,Sunset Sticker Pack,buyer11@example.com,1,8.00,,,0.00,0.00,4.95,0.00,8.00,USD,TXN-0196-1,LIST-TM-STICKER,2026-09-28,2026-09-28,Buyer 11,123 Market St,Austin,TX,78701,United States,TM-DEMO-0196,,Online,Physical,Credit Card,0.00,,TM-STICKER
2026-09-01,Botanical Bookmark,buyer12@example.com,1,12.00,,,0.00,0.00,4.95,0.00,12.00,USD,TXN-0197-1,LIST-TM-BOOKMARK,2026-09-01,2026-09-01,Buyer 12,123 Market St,Austin,TX,78701,United States,TM-DEMO-0197,,Online,Physical,Credit Card,0.00,,TM-BOOKMARK
2026-09-02,Minimalist Ring Cone,buyer13@example.com,2,19.00,,,0.00,0.00,0.00,0.00,38.00,USD,TXN-0198-1,LIST-TM-CONE,2026-09-02,2026-09-02,Buyer 13,123 Market St,Austin,TX,78701,United States,TM-DEMO-0198,,Online,Physical,Credit Card,0.00,,TM-CONE
2026-09-02,Oak Desk Tray,buyer13@example.com,1,42.00,,,0.00,0.00,0.00,0.00,42.00,USD,TXN-0198-2,LIST-TM-TRAY,2026-09-02,2026-09-02,Buyer 13,123 Market St,Austin,TX,78701,United States,TM-DEMO-0198,,Online,Physical,Credit Card,0.00,,TM-TRAY
2026-09-02,Cedar & Sage Candle,buyer13@example.com,1,22.00,,,0.00,0.00,0.00,0.00,22.00,USD,TXN-0198-3,LIST-TM-CANDLE,2026-09-02,2026-09-02,Buyer 13,123 Market St,Austin,TX,78701,United States,TM-DEMO-0198,,Online,Physical,Credit Card,0.00,,TM-CANDLE
2026-09-03,Tea Towel Set,buyer14@example.com,1,28.00,,,0.00,0.00,0.00,0.00,28.00,USD,TXN-0199-1,LIST-TM-TOWEL,2026-09-03,2026-09-03,Buyer 14,123 Market St,Austin,TX,78701,United States,TM-DEMO-0199,,Online,Physical,Credit Card,0.00,,TM-TOWEL
2026-09-03,Linen Market Tote,buyer14@example.com,1,34.00,,,0.00,0.00,0.00,0.00,34.00,USD,TXN-0199-2,LIST-TM-TOTE,2026-09-03,2026-09-03,Buyer 14,123 Market St,Austin,TX,78701,United States,TM-DEMO-0199,,Online,Physical,Credit Card,0.00,,TM-TOTE
2026-09-03,Pressed Flower Frame,buyer14@example.com,1,48.00,,,0.00,0.00,0.00,0.00,48.00,USD,TXN-0199-3,LIST-TM-FRAME,2026-09-03,2026-09-03,Buyer 14,123 Market St,Austin,TX,78701,United States,TM-DEMO-0199,,Online,Physical,Credit Card,0.00,,TM-FRAME
2026-09-04,Wildflower Print,buyer15@example.com,1,18.00,,,0.00,0.00,4.95,0.00,18.00,USD,TXN-0200-1,LIST-TM-PRINT,2026-09-04,2026-09-04,Buyer 15,123 Market St,Austin,TX,78701,United States,TM-DEMO-0200,,Online,Physical,Credit Card,0.00,,TM-PRINT
2026-09-05,Sunset Sticker Pack,buyer16@example.com,1,24.00,,,0.00,0.00,4.95,0.00,24.00,USD,TXN-0201-1,LIST-TM-STICKER,2026-09-05,2026-09-05,Buyer 16,123 Market St,Austin,TX,78701,United States,TM-DEMO-0201,,Online,Physical,Credit Card,0.00,,TM-STICKER
2026-09-06,Coastal Towel,buyer17@example.com,1,32.00,,,0.00,0.00,4.95,0.00,32.00,USD,TXN-0202-1,LIST-TM-TOWEL,2026-09-06,2026-09-06,Buyer 17,123 Market St,Austin,TX,78701,United States,TM-DEMO-0202,,Online,Physical,Credit Card,0.00,,TM-TOWEL
